ABDARE	51.71506	-3.44308
ABDO	56.05459	-3.30056
ABDVY	52.54395	-4.05707
ABER	51.57496	-3.22983
ABGLELE	53.29457	-3.58262
ABRCYNS	51.64471	-3.32699
ABRDEEN	57.14370	-2.09869
ABRE	52.89858	-4.37418
ABRGVNY	51.81669	-3.00965
ABRYSTH	52.41404	-4.08189
ABWD	51.49106	0.12139
ACBG	53.26651	-2.60313
ACHANLT	57.60960	-4.91385
ACHHSHL	57.48207	-5.33306
ACHILCK	55.47027	-4.29535
ACHNSHN	57.57929	-5.07233
ACKLNGT	55.30710	-1.65183
ACLE	52.63468	1.54392
ACOCKSG	52.44932	-1.81898
ACRNGTN	53.75297	-2.36955
ACTNCTL	51.50871	-0.26297
ACTONML	51.51718	-0.26676
ADERLYP	52.48308	-1.85594
ADIEWEL	55.84341	-3.60653
ADISHAM	51.24120	1.19909
ADLC	53.31955	-2.13356
ADLESTN	51.37304	-0.48446
ADNL	53.61324	-2.60307
ADWICK	53.57232	-1.18036
AGHTNPH	53.55425	-2.89522
AIGBURT	53.36456	-2.92715
AINSDAL	53.60203	-3.04265
AINTREE	53.47391	-2.95628
AIRBLES	55.78283	-3.99419
AIRDRIE	55.86398	-3.98291
AIRP	55.03595	-1.71105
ALBNFCL	51.43545	0.12574
ALBNHV	51.43545	0.12574
ALBNYPK	51.43545	0.12574
ALBRGHT	52.63794	-2.26890
ALDEDGE	53.30378	-2.23680
ALDGEST	51.51504	-0.07236
ALDMSTN	51.40196	-1.13742
ALDRSHT	51.24642	-0.75986
ALDTON	50.83638	-0.18382
ALERTN	53.35774	-2.88913
ALEXNDP	51.59792	-0.12024
ALFRETN	53.10043	-1.36970
ALLENSW	54.52462	-1.36112
ALLOA	56.11779	-3.79006
ALNESS	57.69439	-4.24972
ALNMOTH	55.39278	-1.63664
ALRESFD	51.85400	0.99744
ALSAGER	53.09300	-2.29906
ALSHAM	51.22725	1.20945
ALTHORN	51.64787	0.75248
ALTNBRC	58.38815	-3.70628
ALTON	51.15197	-0.96691
ALTPE	53.58550	-0.73318
ALTRNHM	53.38771	-2.34689
ALVCHRC	52.34607	-1.96766
ALXANDR	55.98508	-4.57748
ALXPD	55.86317	-4.21065
AMBERGT	53.06051	-1.48070
AMERSHM	51.67420	-0.60760
AMLY	50.89668	-0.54199
AMMANFD	51.79597	-3.99673
ANCASTR	52.98769	-0.53562
ANDOVER	51.21155	-1.49223
ANDRSTN	55.85990	-4.27098
ANERLEY	51.41215	-0.06589
ANGELRD	51.61240	-0.04879
ANGMRNG	50.81657	-0.48939
ANNAN	54.98383	-3.26258
ANSDELL	53.74146	-2.99303
ANSL	55.88935	-4.32196
APBY	54.58034	-2.48669
APDR	51.03324	0.81634
APLYBDG	53.57867	-2.71925
APPLEFD	51.63964	-1.24214
APSLEY	51.73252	-0.46293
ARBROTH	56.55957	-2.58893
ARCHRAT	56.20397	-4.72277
ARDGAY	57.88145	-4.36209
ARDLUI	56.30197	-4.72166
ARDRSHB	55.63987	-4.82111
ARDRSSB	55.64141	-4.80121
ARDRSTN	55.63971	-4.81268
ARDWICK	53.47134	-2.21388
ARGYLST	55.85730	-4.25069
ARISAIG	56.91255	-5.83908
ARLSEY	52.02603	-0.26632
ARMDALE	55.88571	-3.69541
ARMTHWT	54.80946	-2.77207
ARNSIDE	54.20273	-2.82824
ARRAM	53.88434	-0.42657
ARUNDEL	50.84821	-0.54617
ASCOT	51.40624	-0.67583
ASCTUWD	51.86734	-1.56405
ASFDMSX	51.43651	-0.46807
ASFIELD	55.88892	-4.24921
ASHBRYS	53.47164	-2.19444
ASHCHRC	51.99890	-2.10876
ASHD	51.31787	-0.30757
ASHFKI	51.14370	0.87620
ASHFKY	51.14370	0.87620
ASHH	51.24960	-0.71281
ASHLEY	53.35572	-2.34146
ASHONUL	53.49127	-2.09431
ASHUBUS	51.12866	0.15265
ASHURST	51.12866	0.15265
ASHVALE	51.27225	-0.72165
ASHWELC	52.03077	-0.10979
ASKAM	54.18893	-3.20451
ASLCKTN	52.95155	-0.89810
ASPLEYG	52.02124	-0.63233
ASPTRIA	54.75895	-3.33187
ASTON	52.50423	-1.87193
ATADALE	57.39504	-5.45558
ATHERTN	53.52914	-2.47897
ATHRSTN	52.57897	-1.55281
ATNBRO	52.90621	-1.23142
ATTLBON	52.51455	1.02235
AUDLEYE	52.00444	0.20716
AVIEMRE	57.18851	-3.82887
AVNCLFF	51.33965	-2.28133
AVONMTH	51.50036	-2.69947
AXMNSSA	50.77927	-3.00472
AXMNSTR	50.77927	-3.00472
AXMNSTS	50.77927	-3.00472
AYLESFD	51.30132	0.46617
AYLSBRY	51.81389	-0.81510
AYLSPWY	51.83116	-0.86018
AYRR	55.45814	-4.62588
BACHE	53.20878	-2.89167
BAGE	53.42117	-2.21568
BAGSHOT	51.36437	-0.68866
BAILDON	53.85022	-1.75364
BALCOMB	51.05552	-0.13693
BALDOCK	51.99287	-0.18756
BALHAM	51.44322	-0.15242
BALISTN	55.84450	-4.11370
BALLOCH	56.00293	-4.58349
BALMOSS	56.47456	-2.83896
BAMFORD	53.33900	-1.68908
BANAVIE	56.84331	-5.09543
BANGOR	53.22228	-4.13588
BANSBUS	51.32935	-0.21316
BANSTED	51.32935	-0.21316
BARASIE	55.56106	-4.65114
BARELA	54.07454	-2.83533
BARGOED	51.69231	-3.22968
BARKGLT	51.53930	0.08170
BARKING	51.53949	0.08090
BARLSTN	52.94287	-2.16811
BARMING	51.28489	0.47896
BARNES	51.46708	-0.24216
BAROW	54.11900	-3.22612
BAROWOS	52.74933	-1.14484
BARRY	51.39678	-3.28498
BARRYDK	51.40244	-3.26070
BARRYIS	51.39241	-3.27336
BARWHVN	53.69742	-0.39296
BASILDN	51.56810	0.45679
BATABAL	51.28976	0.19423
BATHSPA	51.37768	-2.35702
BATLEY	53.70994	-1.62295
BATRSPK	51.47696	-0.14753
BATTLE	50.91291	0.49470
BAYFORD	51.75771	-0.09561
BCHGRV	51.52155	-3.20185
BCKNBUS	51.41103	-0.02581
BCKNHMH	51.42458	-0.01595
BCKNHMJ	51.41103	-0.02581
BCKNMJC	51.41103	-0.02581
BCKWATR	51.33158	-0.77674
BCKY	53.16303	-3.05593
BCNGNOS	51.37749	1.30141
BCNSFLD	51.61129	-0.64382
BCSTN	51.90348	-1.15038
BCSTRTN	51.89302	-1.14876
BCWD	51.70543	-0.35912
BDHMNRD	50.85395	-0.99583
BDHMPTN	50.85395	-0.99583
BDMNSTR	51.44009	-2.59415
BDSTON	53.40913	-3.07856
BEARLEY	52.24441	-1.75026
BEASDAL	56.89955	-5.76380
BEAULY	57.47828	-4.46987
BEBNGTN	53.35765	-3.00363
BECCLES	52.45852	1.56949
BEDFDM	52.13619	-0.47944
BEDWRTH	52.47930	-1.46739
BEDYN	51.37964	-1.59879
BEKSBRN	51.26136	1.13671
BELM	51.34381	-0.19886
BELNGHM	51.43291	-0.01933
BELPER	53.02376	-1.48251
BELVEDR	51.49212	0.15229
BEMPTON	54.12766	-0.18046
BENFLET	51.54394	0.56171
BENTMET	55.01400	-1.56740
BEREALS	50.48559	-4.20035
BEREFRS	50.45127	-4.18143
BERKHMD	51.76313	-0.56201
BERMPRK	52.50143	-1.47218
BERRYB	53.62104	-1.79343
BERWICK	50.84038	0.16602
BESCRLA	53.62385	-2.91461
BESJOHN	52.12948	-0.46750
BESTON	52.92075	-1.20766
BETSYCD	53.09206	-3.80086
BEVERLY	53.84227	-0.42298
BEXHILL	50.84104	0.47702
BEXLEY	51.44022	0.14790
BGLAN	51.61554	-3.81114
BGOALAN	56.15663	-3.95723
BGRN	52.36109	-1.99247
BHAMINT	52.45081	-1.72586
BHAMJEW	52.48943	-1.91321
BHAMMRS	52.47908	-1.89247
BHAMNWS	52.47782	-1.90021
BHAMSNH	52.48335	-1.89909
BHILLPK	51.64152	-0.06922
BICKLEY	51.40010	0.04524
BIGLSWD	52.08468	-0.26119
BILBROK	52.62372	-2.18609
BILERCY	51.62888	0.41863
BILSHST	51.01520	-0.45030
BINGHAM	52.95419	-0.95154
BIRCHWD	53.41272	-2.52531
BIRKBCK	51.40389	-0.05574
BISHPTN	55.90226	-4.50049
BISLND	56.05708	-3.23320
BITERNE	50.91822	-1.37700
BKDLE	53.63405	-3.01445
BKHLS	53.59697	-1.76969
BKNELL	52.35738	-2.94738
BKNHRST	50.81684	-1.57353
BKSWELL	52.39588	-1.64284
BLAENAU	52.99455	-3.93859
BLAIRHL	55.86645	-4.04329
BLAKEDN	52.40640	-2.17687
BLANTYR	55.79732	-4.08697
BLARATH	56.76555	-3.85023
BLAYDON	54.96579	-1.71258
BLCHSRD	51.58660	-0.04124
BLCKPB	53.78795	-3.05388
BLCKPLN	53.82191	-3.04927
BLCKS	53.79870	-3.04894
BLEASBY	53.04136	-0.94369
BLFR	51.51181	-0.10333
BLGRVE	55.85670	-4.22437
BLIEURD	50.85505	-1.50475
BLKB	53.74651	-2.47912
BLKHTH	51.46579	0.00887
BLKRDGE	55.88425	-3.75080
BLKST	52.60488	-1.84491
BLLVUE	53.46237	-2.18051
BLNDLAC	53.48768	-3.03986
BLNGHM	54.60560	-1.27972
BLOXN	52.62543	-2.01768
BLOXWCH	52.61820	-2.01148
BLRD	53.59152	-2.56952
BLSHL	55.81706	-4.02450
BLTCHLY	51.99533	-0.73632
BLTNODR	53.51894	-1.31155
BLTRNAB	51.20471	0.40350
BLYBDGE	52.96814	-2.06696
BMBRBDG	53.72686	-2.66077
BMHL	53.36061	-2.16359
BMLY	51.33029	-1.06100
BNBR	52.06031	-1.32813
BNDON	52.45401	0.62473
BNGY	53.84861	-1.83732
BNHAM	51.52350	-0.64637
BNHL	55.87749	-4.22300
BNKHALL	53.43749	-2.98751
BNRHYDN	53.92571	-1.79743
BNSBDGE	51.47201	-0.25263
BNSD	54.35498	-2.76668
BNSLY	53.55430	-1.47716
BNTBY	53.57512	-0.40968
BNTEY	51.18123	-0.86813
BNTFORD	51.48755	-0.30965
BNTHAM	54.11552	-2.51068
BNWK	53.38324	-2.97608
BODMNPW	50.44586	-4.66293
BODORGN	53.20430	-4.41800
BOGNORR	50.78656	-0.67618
BOGSTON	55.93704	-4.71140
BOLTON	53.57414	-2.42582
BOMO	50.72727	-1.86450
BOOKHAM	51.28874	-0.38402
BOORCHY	56.51587	-4.76299
BOOTLE	54.29130	-3.39386
BOOTLNS	53.45339	-2.99475
BOOTLOR	53.44662	-2.99573
BORNEND	51.57712	-0.71047
BORTH	52.49103	-4.05018
BORWGAW	51.29322	0.30624
BOSHAM	50.84275	-0.84743
BOSTON	52.97809	-0.03100
BOTESFD	52.94461	-0.79484
BOTLEY	50.91645	-1.25924
BOURNVL	52.42696	-1.92642
BOWBRKH	52.00430	-0.69608
BOWESPK	51.60701	-0.12058
BOWLING	55.93108	-4.49384
BOXHAWH	51.25401	-0.32849
BOXHBUS	51.25401	-0.32849
BRACKNL	51.41309	-0.75170
BRADFS	53.79692	-1.75296
BRADIN	53.79107	-1.74960
BRAINFP	51.86941	0.56843
BRAINTR	51.87539	0.55669
BRAMPTN	52.39543	1.54381
BRANKSM	50.72696	-1.91976
BRBCNLT	51.52139	-0.09697
BRBM	53.44097	-2.01652
BRBY	51.54516	-0.20231
BRBYPK	51.54070	-0.21013
BRDFDOA	51.34491	-2.25233
BRDGWTR	51.12785	-2.99041
BRDING	50.67837	-1.13872
BRDLNGT	54.08413	-0.19872
BRDNML	54.97449	-2.34650
BRDS	52.47187	-1.87777
BREDBRY	53.42315	-2.11049
BREICH	55.82731	-3.66813
BRFRY	56.46716	-2.87315
BRFT	53.74021	-0.67183
BRGDDIE	55.85129	-4.07381
BRGEND	51.50697	-3.57528
BRGG	53.54914	-0.48612
BRGHBUS	50.83666	-0.13650
BRGHLRD	50.83666	-0.13650
BRGHTN	50.82900	-0.14128
BRHD	55.80375	-4.39728
BRHM	50.83090	-0.63968
BRHOUSE	53.69820	-1.77944
BRIDGTN	55.84896	-4.22606
BRIERFL	53.82398	-2.23649
BRIMSDN	51.65558	-0.03082
BRITFRY	51.63789	-3.81925
BRITHDR	51.71030	-3.22872
BRIXTON	51.46330	-0.11418
BRKMNPK	51.72106	-0.20455
BRKNCPK	53.39336	-3.02267
BRKNHDC	53.38831	-3.02082
BRKNHDN	53.40443	-3.05753
BRKNHDP	53.39740	-3.03910
BRKWOOD	51.30376	-0.63575
BRLANDS	51.39904	-0.28071
BRLEYPK	53.81203	-1.57777
BRMB	53.32184	-2.98690
BRMBRK	53.32990	-2.98947
BRMCRSS	53.61404	-2.41090
BRMLYSR	53.80535	-1.63721
BRMOUTH	52.72289	-4.05660
BRMPTNC	54.93239	-2.70295
BRMSGRV	52.32228	-2.04734
BRNCHTN	55.94059	-4.80355
BRNGTN	53.43211	-2.13512
BRNHRST	51.46496	0.15965
BRNMONC	51.63366	0.81403
BRNSTLT	51.49031	-0.21340
BRNSTPL	51.07397	-4.06312
BRNYARM	52.58978	1.63038
BROADGR	53.40650	-2.89348
BROCKLY	51.46465	-0.03754
BROMLYN	51.40833	0.01699
BROMLYS	51.39997	0.01734
BROOME	52.42277	-2.88521
BRORA	58.01295	-3.85228
BROUGH	53.72696	-0.57872
BROXBRN	51.74691	-0.01109
BRRHL	55.09700	-4.78178
BRRYLNK	56.49315	-2.74544
BRSCGHB	53.60525	-2.84088
BRSCGHJ	53.59752	-2.84061
BRSDE	55.81693	-4.20239
BRSR	51.36067	1.43356
BRSTLTM	51.44914	-2.58132
BRSTPWY	51.51380	-2.54216
BRTHMBR	53.68892	-0.44344
BRTJYC	52.98344	-1.04088
BRTWOOD	51.61360	0.29959
BRUCGRV	51.59396	-0.06987
BRUNDAL	52.61948	1.43930
BRUNDLG	52.62344	1.41842
BRUSTAN	55.94251	-3.10099
BRUTON	51.11164	-2.44707
BRWCKUT	55.77434	-2.01097
BRWHINS	54.95954	-1.46135
BRYN	53.49986	-2.64721
BRYSTNS	54.43936	-3.54183
BSAUKLD	54.65719	-1.67771
BSCTSTA	52.56309	-1.99111
BSDN	55.91713	-4.33202
BSHB	55.90388	-4.22491
BSHPSFD	51.86669	0.16489
BSNGSEB	51.26836	-1.08726
BSNGSTK	51.26836	-1.08726
BSPSLYD	51.05458	-3.19433
BSSN	50.78014	0.08276
BSSNBUS	50.78014	0.08276
BSTD	51.27582	0.57758
BSTEDMS	52.25376	0.71331
BTCHBUS	51.24819	-0.26697
BTCHWTH	51.24819	-0.26697
BTHGATE	55.89715	-3.63610
BTHNLGR	51.52392	-0.05957
BTLRSLA	52.59247	-1.83802
BTLSBDG	51.62482	0.56529
BTLYSY	53.54393	-1.15095
BTRSBY	54.45768	-1.09297
BUCKNHM	52.59774	1.47033
BUGLE	50.40035	-4.79210
BUILTHR	52.16932	-3.42703
BULWELL	52.99969	-1.19623
BURES	51.97116	0.76914
BURGESH	50.95365	-0.12741
BURLYIW	53.90815	-1.75337
BURNLYB	53.79088	-2.25809
BURNLYC	53.79351	-2.24497
BURNMR	53.78496	-2.24887
BURSLDN	50.88369	-1.30503
BURTNOT	52.80581	-1.64246
BUSBY	55.78034	-4.26220
BUSHEY	51.64558	-0.38475
BUSHYDC	51.64558	-0.38475
BUXTON	53.26072	-1.91286
BXLYHTH	51.46350	0.13373
BXTD	50.99001	0.13144
BYFLANH	51.34979	-0.48139
BYNEA	51.67203	-4.09888
CADOXTN	51.41228	-3.24890
CAERGWL	53.10786	-3.03291
CALAFGV	50.90150	1.81152
CALSTCK	50.49780	-4.20899
CAMBDGE	52.19407	0.13746
CAMELON	56.00609	-3.81761
CAMHTH	51.53197	-0.05728
CANLEY	52.39924	-1.54757
CANONST	51.51138	-0.09029
CARBISB	50.19705	-5.46326
CARDFBR	51.46711	-3.16640
CARDFQS	51.48196	-3.17018
CARFIN	55.80734	-3.95625
CARK	54.17795	-2.97406
CARLILE	54.89065	-2.93319
CARMYLE	55.83434	-4.15818
CARRBDG	57.27950	-3.82820
CARSWS	52.51612	-3.43250
CASTLFD	53.72408	-1.35465
CATERHM	51.28214	-0.07831
CATFBDG	51.44474	-0.02479
CATFORD	51.44440	-0.02632
CATHAYS	51.48890	-3.17868
CATTAL	53.99744	-1.32054
CAUSLND	50.40569	-4.46645
CBARPAR	51.52293	-0.33155
CBAY	53.29636	-3.72542
CBGH	51.04638	0.18801
CBHMSDA	51.31810	-0.38935
CBORNE	50.21043	-5.29741
CBRK	50.75009	-3.42042
CCARY	51.09981	-2.52279
CCRT	55.81767	-4.26054
CDCOT	51.58479	-2.76057
CDND	56.14125	-3.26164
CDNL	55.85257	-4.34069
CDRS	55.96038	-4.65307
CEFNYBD	53.09880	-3.03105
CFFT	55.81826	-4.22832
CFLATTS	53.85846	-1.84489
CFPK	51.45519	-0.03650
CHADHDD	51.48556	0.28745
CHAPLTN	51.01653	-4.02472
CHARTHM	51.25726	1.01804
CHASNRD	53.44616	-2.36823
CHATHAM	51.38038	0.52115
CHBURY	51.87243	-1.48969
CHCHSTR	50.83205	-0.78175
CHDH	53.37593	-2.18830
CHDNGTN	51.85792	-0.66215
CHDWLHT	51.56804	0.12896
CHEAM	51.35548	-0.21417
CHEF	53.31223	-1.91876
CHELFD	53.27031	-2.28058
CHEPSTW	51.64018	-2.67191
CHESHNT	51.70287	-0.02396
CHETNOL	50.86636	-2.57293
CHFD	53.23822	-1.42012
CHFN	53.82660	-1.22759
CHHL	55.53673	-1.70638
CHINGFD	51.63308	0.00990
CHIPNHM	51.46249	-2.11539
CHIRK	52.93309	-3.06564
CHISWCK	51.48113	-0.26784
CHLFNAL	51.66811	-0.56053
CHLKWEL	51.53872	0.67059
CHLMSFD	51.73637	0.46857
CHLSFLD	51.35625	0.10907
CHLTNHM	51.89740	-2.09962
CHLWTH	51.21521	-0.52482
CHNLY	53.34029	-1.94394
CHOLSEY	51.57020	-1.15802
CHORBUK	53.67334	-2.66083
CHORLEY	53.65253	-2.62684
CHOS	53.75052	-2.39121
CHPLTWN	53.46233	-1.46628
CHPWKSC	51.92590	0.75850
CHRISTC	50.73821	-1.78455
CHRNGXG	55.86468	-4.26982
CHRSBUS	51.05068	-0.36356
CHRSTSH	51.05068	-0.36356
CHRW	51.65425	-0.51832
CHRX	51.50803	-0.12480
CHSD	51.30928	-0.16950
CHSLHRS	51.40555	0.05742
CHSRD	52.53564	-1.83248
CHSSN	51.36404	-0.30070
CHSSS	51.35655	-0.30816
CHST	53.19669	-2.87959
CHSW	51.36024	1.06693
CHTLRT	55.76522	-4.00467
CHTR	53.73287	-2.51838
CHTSEY	51.38707	-0.50932
CILMERY	52.15053	-3.45654
CKHL	55.83750	-4.33429
CLACTON	51.79400	1.15409
CLANDON	51.26400	-0.50277
CLAPTON	51.56164	-0.05702
CLARBRD	51.85166	-4.88355
CLAVRDN	52.27709	-1.69656
CLCHHYT	51.88564	0.92753
CLCHRTN	51.88645	0.90476
CLCHSTR	51.90071	0.89260
CLDNNRB	51.54304	-0.11673
CLDRCRX	55.88794	-3.88771
CLELAND	55.80465	-3.91024
CLFDOWN	51.46454	-2.61174
CLHM	53.14408	-0.75039
CLITHRO	53.87346	-2.39434
CLMN	51.24461	0.97590
CLOCKHS	51.40858	-0.04066
CLPHHS	51.46548	-0.13252
CLPHMJ1	51.46419	-0.17022
CLPHMJ2	51.46419	-0.17022
CLPHMJC	51.46419	-0.17022
CLPHMJM	51.46419	-0.17022
CLPHMJN	51.46419	-0.17022
CLPHMJW	51.46419	-0.17022
CLPM	54.10538	-2.41038
CLRKSTN	55.78935	-4.27564
CLST	54.85459	-1.57802
CLTHRPS	53.56190	-0.02922
CLTN	53.52249	-2.31475
CLWALL	52.07987	-2.35695
CLYBANK	55.90069	-4.40441
CLYGATE	51.36121	-0.34825
CLYNDRW	51.84054	-4.73184
CMBH	51.70193	-3.41372
CMBLEY	51.33633	-0.74427
CMBRNLD	55.94202	-3.98033
CMBSLNG	55.81960	-4.17301
CMDNRD	51.54179	-0.13870
CMER	52.93008	1.29282
CMTHN	51.85335	-4.30596
CNCK	52.68616	-2.02215
CNDAW	51.49799	-0.04972
CNNB	51.54873	-0.09219
CNNBELL	51.54873	-0.09219
CNST	56.50056	-2.70660
CNTBE	51.27427	1.07597
CNTBW	51.28427	1.07530
CNTLEY	52.57875	1.51341
CNTY	55.85487	-4.17857
COATBDC	55.86250	-4.03190
COATBDS	55.86683	-4.02829
COATDYK	55.86434	-4.00498
CODNBCH	50.83337	0.42686
CODSALL	52.62729	-2.20176
COGAN	51.44599	-3.18909
COKSBDG	50.90375	-0.00920
COLESHL	52.51652	-1.70818
COLNE	53.85474	-2.18186
COLSDNS	51.31584	-0.13789
COLSTWN	51.32204	-0.13446
COMBE	51.83259	-1.39407
COMONDL	54.48127	-0.97515
CONBRGH	53.48931	-1.23433
CONGLTN	53.15785	-2.19258
CONNELF	56.45235	-5.38544
CONONBR	57.56175	-4.44041
CONONLY	53.91757	-2.01207
CONWY	53.28010	-3.83052
COOKHAM	51.55746	-0.72208
COOMBE	50.44592	-4.48185
COPLSTN	50.81446	-3.75157
CORBY	52.48885	-0.68834
CORPACH	56.84283	-5.12196
CORROUR	56.76021	-4.69060
CORYTON	51.52043	-3.23182
COSELEY	52.54508	-2.08578
COSFORD	52.64483	-2.30027
COSHAM	50.84192	-1.06733
COTNGLY	53.76782	-1.58771
COVAREN	52.44773	-1.49412
COVNNY	52.40081	-1.51346
COVNTRY	52.40081	-1.51346
COWDBUS	51.15564	0.11003
COWDEN	51.15564	0.11003
CPNHRST	53.26017	-2.94228
CRADLYH	52.46965	-2.09049
CRAVENA	52.44254	-2.83742
CRAWLEY	51.11221	-0.18667
CRBG	54.96626	-2.01840
CRCK	54.54168	-3.58216
CRDFCEN	51.47602	-3.17930
CREDITN	50.78330	-3.64678
CRESING	51.85233	0.57796
CREWE	53.08962	-2.43297
CRFD	51.44828	0.17894
CRGDRN	55.99479	-4.71124
CRHL	51.68448	-0.10689
CRICCTH	52.91841	-4.23751
CRKLWD	51.55845	-0.21268
CRKRN	50.87353	-2.77850
CRLK	55.73126	-3.84892
CRLN	51.48681	0.03126
CRMLNGT	55.08777	-1.59859
CRMRSEJ	56.00609	-3.81761
CRNF	54.12968	-2.77123
CRNG	51.20810	0.79033
CRNLRCH	56.39048	-4.61843
CROKSTN	55.84231	-4.36467
CROMFD	53.11293	-1.54916
CROSSHL	55.83328	-4.25681
CROT	53.66756	-2.77775
CROUCHH	51.57130	-0.11715
CROWLE	53.58973	-0.81736
CROY	55.95568	-4.03598
CRPHLY	51.57158	-3.21848
CRPNDPK	51.62835	-0.38594
CRSHLTB	51.35741	-0.16980
CRSHLTN	51.36845	-0.16637
CRSKEYS	51.62090	-3.12617
CRSMYLF	55.83394	-4.28432
CRSNGTN	53.35875	-2.91200
CRSTRS	55.69105	-3.66847
CRTN	52.96509	-1.07865
CRTSDYK	55.94221	-4.73159
CRWHRST	50.88858	0.50134
CRWLL	53.26411	-1.21639
CRWTHRN	51.36673	-0.81927
CRXLEY	51.64705	-0.44170
CRYSTLP	51.41811	-0.07261
CSEAH	51.47495	-0.18282
CSFD	50.98368	-1.38517
CSGT	53.80491	-1.45158
CSTL	53.59184	-2.17823
CSTR	52.53742	-2.80369
CTMSLNK	51.51393	-0.10359
CTNG	50.83929	0.45786
CTNM	54.46714	-0.94665
CTTGHM	53.78165	-0.40643
CUDNGTN	53.23992	-2.59931
CUFFLEY	51.70872	-0.10978
CULHAM	51.65379	-1.23651
CULRAIN	57.91951	-4.40427
CUPAR	56.31699	-3.00876
CURRIEH	55.90056	-3.31875
CWDNBTH	56.11209	-3.34319
CWLRSNJ	55.86219	-4.25146
CWMBRAN	51.65658	-3.01620
CXTN	51.37392	0.46171
CYNGHRD	52.05150	-3.74821
DAISYH	53.53945	-2.51586
DALGETY	56.04209	-3.36772
DALMUIR	55.91193	-4.42668
DALRY	55.70622	-4.71108
DALS	51.54611	-0.07514
DALSKLD	51.54815	-0.07570
DALSTON	54.84617	-2.98885
DALTON	54.15424	-3.17900
DALWHIN	56.93517	-4.24620
DANBY	54.46615	-0.91096
DANESCT	51.50050	-3.23392
DANZEY	52.32481	-1.82088
DARNALL	53.38458	-1.41257
DARSHAM	52.27300	1.52347
DARTFD	51.44737	0.21925
DARWEN	53.69803	-2.46494
DATCHET	51.48308	-0.57942
DAVNPRT	53.39090	-2.15296
DAWLISH	50.58082	-3.46463
DAWLSHW	50.59871	-3.44356
DAWSHLM	55.89355	-4.30957
DEAL	51.22304	1.39885
DEAN	51.04246	-1.63487
DEGANWY	53.29475	-3.83339
DEIGHTN	53.66848	-1.75190
DELAMER	53.22877	-2.66656
DENHAM	51.57884	-0.49744
DENHMGC	51.58060	-0.51779
DENMRKH	51.46820	-0.08936
DENT	54.28241	-2.36360
DEPDENE	51.23880	-0.32464
DEPTFD	51.47885	-0.02627
DERBYRD	52.05055	1.18264
DEVNPRT	50.37853	-4.17071
DGLROAD	51.44005	-3.18059
DGNHELT	51.54409	0.16604
DGNHMDC	51.52609	0.14610
DIDCOTP	51.61095	-1.24289
DIGBY	50.71399	-3.47356
DILTONM	51.24899	-2.20792
DINASP	51.43166	-3.21835
DINASR	51.61783	-3.43754
DINGWAL	57.59423	-4.42220
DINSDAL	54.51473	-1.46707
DISLEY	53.35818	-2.04248
DISS	52.37366	1.12370
DLMALLY	56.40119	-4.98355
DLMRNOK	55.84208	-4.21771
DLMY	55.98632	-3.38162
DLMYJN	55.98632	-3.38162
DLREOCH	55.94741	-4.57786
DLTN	54.52045	-1.54732
DLWYDLN	53.05201	-3.88513
DMBRTNC	55.94665	-4.56692
DMBRTNE	55.94225	-4.55414
DNDL	53.57263	-1.66321
DNFRMLE	56.06819	-3.45253
DNFRMQM	56.08057	-3.42147
DNLP	55.71188	-4.53239
DNROBIN	57.98553	-3.94892
DNSN	54.95005	-1.64204
DNTG	53.44933	-1.97030
DNTON	53.45686	-2.13166
DOCKYDP	50.38217	-4.17590
DODWRTH	53.54432	-1.53169
DOLAU	52.29535	-3.26362
DOLEHAM	50.91859	0.60997
DOLGARG	53.18635	-3.82264
DONC	53.52215	-1.13985
DORE	53.32763	-1.51530
DORIDGE	52.37207	-1.75290
DORKING	51.24093	-0.32425
DORMANS	51.15579	-0.00431
DOVERP	51.12570	1.30529
DOVRCRT	51.93874	1.28061
DOVYJN	52.56436	-3.92390
DOWNHAM	52.60411	0.36568
DRAYGRN	51.51661	-0.33019
DRBY	52.91655	-1.46335
DRCHS	50.70929	-2.43724
DRCHW	50.71095	-2.44254
DREMJ	56.00512	-2.78605
DRHM	54.77939	-1.58175
DRIFILD	54.00153	-0.43466
DRIGG	54.37696	-3.44341
DRKGW	51.23622	-0.33998
DRMCHPL	55.90481	-4.36288
DRMFCHR	55.94125	-4.77477
DRMGLCH	55.86735	-3.94888
DRNGTOS	50.81753	-0.41147
DRONFLD	53.30137	-1.46878
DRTN	53.58837	-1.53166
DRTWCHS	52.26820	-2.15836
DRUMRY	55.90459	-4.38547
DRYP	51.55277	-0.10551
DTNG	51.29649	0.17094
DUBLFST	53.34783	-6.19848
DUBLINF	53.29684	-6.13244
DUDESTN	52.48836	-1.87139
DUDLPT	52.52465	-2.04948
DUFIELD	52.98840	-1.48597
DUIRNSH	57.31998	-5.69132
DUKEST	55.85844	-4.21305
DULNGHM	52.20165	0.36666
DUMBRCK	55.84465	-4.30124
DUMFRES	55.07255	-3.60430
DUMPTNP	51.34570	1.42582
DUNANE	56.18589	-3.96549
DUNBAR	55.99829	-2.51335
DUNCRAG	57.33700	-5.63713
DUNDETB	56.45649	-2.97120
DUNKELD	56.55706	-3.57840
DURSLEY	51.71762	-2.35908
DVHL	53.30003	-1.88975
DWBY	53.69213	-1.63311
DYCE	57.20565	-2.19232
DYFRYNA	52.78885	-4.10464
EALINGB	51.51484	-0.30175
EALINGC	51.51484	-0.30175
EARLSWD	51.22733	-0.17082
EASTBRK	51.43763	-3.20614
EBOLDON	54.94641	-1.42031
EBOURNE	50.76938	0.28125
EBSFDOM	51.44297	0.32092
EBSFLTI	51.44297	0.32092
EBWVPWY	51.75714	-3.19610
EBWVTN	51.77669	-3.20258
ECCLES	53.48536	-2.33451
ECLR	52.47088	0.96992
ECPK	53.43078	-2.78004
ECROYDN	51.37545	-0.09278
EDALE	53.36497	-1.81663
EDGH	53.40261	-2.94648
EDIDBRY	53.40931	-2.22200
EDINBUR	55.95239	-3.18823
EDINPRK	55.92755	-3.30766
EDMNGRN	51.62493	-0.06111
EDNB	51.20843	0.06065
EDNT	51.20008	0.06717
EDPK	51.39009	-0.02636
EDULWCH	51.46149	-0.08057
EFARLGH	51.25524	0.48473
EFNGHMJ	51.29149	-0.41997
EGGESFD	50.88773	-3.87475
EGHAM	51.42964	-0.54651
EGLSCLF	54.52943	-1.34944
EGRFRTH	53.79198	-1.37054
EGRNSTD	51.12627	-0.01790
EGTON	54.43748	-0.76146
EKILBRD	55.76600	-4.18023
ELCT	51.49212	-0.19318
ELGH	50.96925	-1.35008
ELGIN	57.64291	-3.31125
ELMERSE	51.39849	-0.04957
ELMSWEL	52.23804	0.91259
ELMW	51.41712	0.04427
ELPHNAC	51.49403	-0.09873
ELSC	53.49866	-1.42742
ELSENHM	51.92054	0.22807
ELSMPRT	53.28219	-2.89642
ELTHAM	51.45564	0.05247
ELTON	52.95213	-0.85551
ELTR	51.65307	-0.28008
ELWD	52.36658	-1.86117
ELYY	52.39123	0.26683
EMALING	51.28581	0.43928
EMPKWAY	52.86250	-1.26323
EMRSPKH	51.56864	0.22011
EMSWTH	50.85161	-0.93843
ENFC	51.65325	-0.09070
ENFLDLK	51.67092	-0.02853
ENFLDTN	51.65202	-0.07933
ENTWISL	53.65597	-2.41454
EPHT	51.49459	-0.09948
EPSDNS	51.32369	-0.23895
EPSM	51.33439	-0.26878
EPUTNEY	51.45920	-0.21098
ERDNGTN	52.52828	-1.83951
ERGNCHP	51.58321	-3.22880
ERIDBUS	51.08896	0.20143
ERIDGE	51.08896	0.20143
ERITH	51.48167	0.17505
ERLFLD	51.44234	-0.18771
ERLSTWN	53.45114	-2.63766
ERLY	51.44110	-0.91799
ESHER	51.37989	-0.35334
ESHS	55.85976	-4.10718
ESKBANK	55.88180	-3.08307
ESSEXRD	51.54070	-0.09628
ESTFLDS	51.40774	-0.15465
ESTHRAK	53.30754	-2.98113
ESTRNGT	53.75516	-0.78763
ETCHNGM	51.01054	0.44236
ETILBRY	51.48483	0.41293
EUSTON	51.52813	-0.13392
EUXT	53.66048	-2.67202
EVESHAM	52.09840	-1.94731
EWELLE	51.34530	-0.24153
EWELW	51.35004	-0.25699
EWRTHNG	50.82164	-0.35489
EXETERC	50.72648	-3.53328
EXETRSD	50.72927	-3.54329
EXETRST	50.71715	-3.53884
EXHIBTC	55.86155	-4.28359
EXMOUTH	50.62163	-3.41497
EXTON	50.66830	-3.44410
EYNSFD	51.36272	0.20439
FAIRLIE	55.75194	-4.85327
FALCNWD	51.45915	0.07930
FALKRKG	56.00261	-3.78505
FALKRKH	55.99181	-3.79224
FALMTHD	50.15071	-5.05603
FALMTHT	50.14834	-5.06493
FAMBDGE	51.64858	0.68166
FAMR	50.86213	-0.08739
FAREHAM	50.85303	-1.19204
FARNHAM	51.21190	-0.79243
FAULDHS	55.82247	-3.71932
FAVRSHM	51.31171	0.89104
FAYGATE	51.09589	-0.26302
FAYGBUS	51.09589	-0.26302
FAZKRLY	53.46908	-2.93672
FEARN	57.77814	-3.99394
FELL	54.95750	-1.48560
FELTHAM	51.44790	-0.40984
FENCHRS	51.51164	-0.07890
FENITON	50.78668	-3.28542
FERNHIL	51.68649	-3.39588
FERRIBY	53.71715	-0.50783
FFAIRFC	51.87247	-3.99286
FGDHBR	52.01154	-4.98564
FGDHGWK	52.00411	-4.99484
FILEY	54.20986	-0.29385
FILTNEW	51.50494	-2.56243
FINSTCK	51.85278	-1.46934
FISKRTN	53.06027	-0.91219
FITZWLM	53.63250	-1.37427
FIVEWYS	52.47109	-1.91295
FLEET	51.29063	-0.83081
FLIMBY	54.68969	-3.52074
FLINT	53.24952	-3.13299
FLITWCK	52.00364	-0.49526
FLIXTON	53.44381	-2.38425
FLKSTNC	51.08289	1.16948
FLKSTNW	51.08458	1.15390
FLSCRHN	56.39388	-5.11248
FLWRYFD	53.46185	-2.08105
FLXSTOW	51.96707	1.35044
FNCHLYR	51.55026	-0.18314
FNPK	51.56430	-0.10628
FNTLSR	51.52017	-0.10520
FORD	50.82939	-0.57841
FORESTH	51.43928	-0.05316
FORMBY	53.55348	-3.07091
FORRES	57.60980	-3.62595
FORSNRD	58.35690	-3.89688
FOUROKS	52.57978	-1.82803
FOXFILD	54.25867	-3.21606
FOXTON	52.11921	0.05631
FRANT	51.10403	0.29454
FRATGSA	50.79634	-1.07398
FRATTON	50.79634	-1.07398
FRBN	52.69604	-4.04941
FRBRMN	51.29660	-0.75573
FRBRNTH	51.30204	-0.74303
FRDSHM	53.29581	-2.72357
FRESHFD	51.34203	-2.30101
FRESVIL	51.34203	-2.30101
FRFD	53.47129	-2.14577
FRIMLEY	51.31186	-0.74699
FRINTON	51.83768	1.24317
FRNCMB	51.19715	-0.60455
FRNDNLT	51.52017	-0.10520
FRNNGRD	51.40166	0.23545
FRNW	53.55000	-2.38785
FROME	51.22727	-2.31000
FRSHFLD	53.56605	-3.07183
FRSTGT	51.54943	0.02435
FRTMTLD	55.95903	-4.79527
FRTWLM	56.82044	-5.10614
FRWATER	51.49390	-3.23384
FRZNGHL	53.82037	-1.76900
FSHBBUS	50.83905	-0.81508
FSHBORN	50.83905	-0.81508
FSHRSGT	50.83423	-0.21942
FSTR	52.00007	-0.71600
FTHRSTN	53.67906	-1.35844
FULWELL	51.43393	-0.34947
FURNESV	53.34875	-1.98884
FURZEP	51.53302	-0.72847
FYSD	51.76837	-4.36946
GALASLS	55.61835	-2.80690
GALTILL	52.50178	-1.98051
GALTINT	52.50178	-1.98051
GARFRTH	53.79658	-1.38231
GARROWH	55.85524	-4.12946
GARSDLE	54.32143	-2.32635
GARTH	52.13323	-3.52991
GARVE	57.61304	-4.68840
GARW	53.48852	-2.67213
GATHRST	53.55940	-2.69439
GATLEY	53.39290	-2.23123
GBGHLRD	53.38609	-0.76858
GBNK	53.25146	-2.53427
GBROC	53.39958	-0.76969
GDLMING	51.18658	-0.61886
GERRDSX	51.58902	-0.55528
GFLD	53.53886	-2.01384
GFORD	51.54233	-0.34584
GGLSWCK	54.06180	-2.30285
GIDB	53.47463	-2.11371
GIDEAPK	51.58190	0.20596
GIFNOCK	55.80399	-4.29301
GIPSYH	51.42445	-0.08384
GIRVAN	55.24631	-4.84838
GLAISDL	54.43938	-0.79379
GLASHTN	53.70904	-1.34201
GLAZBRK	53.42836	-2.45966
GLBRDYK	53.74796	-0.73224
GLDTHRP	53.53419	-1.31281
GLFCHFR	51.68425	-3.22657
GLGC	55.85975	-4.25764
GLGCLL	55.85975	-4.25764
GLGHST	55.85956	-4.24012
GLGN	55.73889	-4.67450
GLGQHL	55.86219	-4.25146
GLGQLL	55.86219	-4.25146
GLHM	51.03403	-2.27262
GLNCNWY	53.26742	-3.79773
GLNEGLS	56.27485	-3.73117
GLNFNNN	56.87240	-5.44962
GLNGHMK	51.38656	0.54985
GLNRTHS	56.16236	-3.14302
GLOSTER	51.86556	-2.23849
GLSP	53.44447	-1.94907
GLYNDE	50.85917	0.07008
GNBARWJ	50.40035	-4.79210
GNHT	51.45037	0.28029
GNHTRI	51.45037	0.28029
GNLN	53.38325	-3.01641
GNRSBRY	51.49168	-0.27529
GNTN	51.46761	-3.18972
GNWH	51.47813	-0.01334
GOBOWEN	52.89351	-3.03717
GODLY	53.45170	-2.05477
GODMAYS	51.56558	0.11081
GODSTON	51.21816	-0.05008
GOLFSTR	56.49779	-2.71954
GOLSPIE	57.97146	-3.98721
GOMSHAL	51.21940	-0.44185
GOOLE	53.70491	-0.87421
GOOSTRY	53.22255	-2.32647
GORASTR	51.52149	-1.13305
GORDONH	51.66333	-0.09461
GOREBRG	55.84040	-3.04680
GORNGBS	50.81772	-0.43308
GORTON	53.46907	-2.16621
GOSPLOK	51.55533	-0.15077
GOUROCK	55.96232	-4.81666
GOURSTN	55.96232	-4.81666
GOVS	54.19572	-2.90275
GOWERTN	51.64872	-4.03593
GOXHILL	53.67670	-0.33712
GRATELY	51.17006	-1.62077
GRAVLYH	52.51499	-1.85260
GRAYS	51.47625	0.32183
GREENRD	54.24452	-3.24557
GRENCKC	55.94534	-4.75263
GRENCKW	55.94733	-4.76783
GRETGRN	55.00105	-3.06520
GRGMASJ	58.51362	-3.45212
GRGRAVE	53.97841	-2.10517
GRLCHHD	56.07986	-4.82572
GRMSBYD	53.57432	-0.07562
GRMSBYT	53.56343	-0.08698
GRNDLFD	53.30556	-1.62630
GRNFLDS	55.93523	-3.99310
GROSMNT	54.43611	-0.72497
GROSNYM	54.43611	-0.72497
GRPK	51.64261	-0.09736
GRSTH	51.68661	-0.38174
GRTCSH	55.88566	-4.07949
GRTHMG	51.59645	-3.64145
GRVPK	51.43086	0.02173
GRVSEND	51.44135	0.36664
GSCD	55.88769	-4.36500
GTAYTON	54.48957	-1.11535
GTBNTLY	51.85176	1.06515
GTCHSFD	52.05981	0.19352
GTCOATS	53.57575	-0.13023
GTHM	52.90647	-0.64245
GTMLVRN	52.10920	-2.31827
GTMSNDN	51.70352	-0.70914
GTSHDMC	54.95875	-1.66563
GTWK	51.15649	-0.16104
GUILDFD	51.23697	-0.58043
GUISELY	53.87593	-1.71508
GUNISLK	50.51608	-4.21941
GUNTON	52.86634	1.34912
GWRSYLT	53.07257	-3.01789
GYPSYLA	54.53289	-1.17939
HABRO	53.60607	-0.26946
HACKNYC	51.54710	-0.05606
HACKNYW	51.54341	-0.02492
HADFILD	53.46074	-1.96532
HADISCO	52.52878	1.62301
HADLYWD	51.66850	-0.17617
HADMATP	51.77085	-0.94214
HAGFOLD	53.53385	-2.49482
HAGGERS	51.53870	-0.07567
HAGLEY	52.42249	-2.14642
HAGT	53.99318	-1.53761
HAKNYNM	51.54876	-0.06082
HALE	53.37872	-2.34736
HALG	51.35248	0.44493
HALLRD	53.49748	-3.04963
HALSWTH	52.34681	1.50567
HALW	53.36448	-2.83013
HAMDLUL	51.49351	-0.22489
HAMERTN	53.99633	-1.28410
HAMLTNC	55.77319	-4.03888
HAMLTNW	55.77886	-4.05481
HAMPTON	51.41593	-0.37212
HAMSTED	52.53107	-1.92898
HAMTSQ	53.39469	-3.01368
HAMWICK	51.41452	-0.31249
HANDBRO	51.82516	-1.37353
HANWELL	51.51183	-0.33858
HAPTON	53.78161	-2.31691
HARLSDN	51.53629	-0.25767
HARMYRS	55.76196	-4.22001
HAROOTH	51.57918	-0.33723
HARTFD	53.24176	-2.55363
HARWICH	51.94414	1.28668
HASLEMR	51.08865	-0.71916
HASOCKS	50.92461	-0.14595
HASTING	50.85789	0.57674
HATFILD	51.76388	-0.21559
HATHRSG	53.32577	-1.65172
HATRSLY	53.44528	-2.04031
HATTON	52.29528	-1.67298
HAVANT	50.85443	-0.98161
HAVENHS	53.11447	0.27317
HAVRFDW	51.80263	-4.96020
HAWARDN	53.18536	-3.03208
HAWDNBG	53.21807	-3.03272
HAYESAH	51.50309	-0.42068
HAYLE	50.18556	-5.41984
HAYMRKT	55.94581	-3.21845
HAYS	51.37633	0.01056
HAZL	53.37754	-2.12202
HBDNBDG	53.73759	-2.00906
HBRN	51.26518	0.62785
HBROOMS	51.14940	0.27733
HBRTBDG	52.97535	-0.11053
HBRY	52.33449	-2.22112
HCHP	53.19893	-2.35114
HCKNGTN	52.97732	-0.29394
HCRT	51.40255	-0.34275
HDNS	52.71011	-2.00178
HDON	51.58007	-0.23867
HDRSFLD	53.64850	-1.78469
HEADCRN	51.16571	0.62748
HEALING	53.58180	-0.16063
HEATHHL	51.51643	-3.18154
HEATHLL	51.51566	-3.18197
HEDGEND	50.93232	-1.29450
HEDNGLY	53.81797	-1.59419
HEDSTNL	51.60265	-0.35722
HELIFLD	54.01086	-2.22784
HELMSDL	58.11744	-3.65869
HELSBY	53.27520	-2.77121
HEMLHMP	51.74233	-0.49077
HENGOED	51.64741	-3.22413
HENLYIA	52.29149	-1.78399
HENSALL	53.69854	-1.11452
HEREFRD	52.06116	-2.70821
HERNEH	51.45330	-0.10229
HERSHAM	51.37681	-0.38996
HERTFDE	51.79903	-0.07294
HESSLE	53.71744	-0.44182
HESWALL	53.32972	-3.07370
HEVEBUS	51.18141	0.09507
HEVER	51.18141	0.09507
HEWOMTR	54.95160	-1.55580
HEWORTH	54.95157	-1.55577
HEXHAM	54.97346	-2.09479
HEYFORD	51.91919	-1.29927
HEYMST	54.03314	-2.91311
HEYSHBR	54.03314	-2.91311
HFDN	51.79885	-0.09179
HFLPEVL	51.77986	0.59212
HGHBRDG	51.21816	-2.97215
HGHI	51.54618	-0.10376
HGHMSPK	51.60835	-0.00022
HGHNGTN	54.59696	-1.58177
HIGHBYA	51.54618	-0.10376
HIGHBYE	51.54618	-0.10376
HIGM	51.42656	0.46628
HILLSID	53.62210	-3.02472
HILSEA	50.82827	-1.05880
HINCKLY	52.53500	-1.37192
HINDLEY	53.54224	-2.57550
HINTONA	50.75264	-1.71413
HITCHIN	51.95328	-0.26348
HITN	53.52510	-3.05707
HITW	53.59742	-2.41311
HKBG	51.37787	-0.15391
HLDG	53.36941	-2.23667
HLDNBRO	51.21448	0.22759
HLFT	55.92009	-4.32027
HLFX	53.72096	-1.85357
HLGN	52.43691	-1.84565
HLMW	51.18119	-0.32081
HLNGTNE	55.85418	-4.35501
HLNGTNW	55.85602	-4.37158
HLNSBRC	56.00421	-4.73276
HLNSBRU	56.01236	-4.72980
HLTWHST	54.96785	-2.46356
HLWYRLT	51.55270	-0.11322
HLYH	53.30768	-4.63100
HMBLE	50.87137	-1.32916
HMPDNPK	50.79640	0.27936
HMPHRYP	53.45223	-2.32754
HMPSTDH	51.55521	-0.16571
HMPTNIA	52.42903	-1.69993
HMST	51.06838	0.85451
HMWTHY	50.72519	-2.01936
HNCHLYW	51.37500	-0.34052
HNDFRTH	53.34649	-2.21363
HNDSHWT	52.50537	-1.96401
HNGT	54.61348	-3.56551
HNLYOT	51.53418	-0.90021
HNTL	57.44449	-2.77574
HNTNGDN	52.32865	-0.19207
HOCKLEY	51.60355	0.65900
HOLTONH	50.71141	-2.07784
HOLYTWN	55.81290	-3.97393
HOMRTON	51.54701	-0.04236
HONIT3T	50.79658	-3.18672
HONITNS	50.79658	-3.18672
HONITON	50.79658	-3.18672
HONLEY	53.60823	-1.78097
HONROPK	51.44999	-0.04551
HONYBRN	52.10160	-1.83374
HOOK	51.28000	-0.96164
HOOTON	53.29720	-2.97701
HOPC	53.11736	-3.03688
HOPD	53.34611	-1.72989
HOPTONH	52.39141	-2.91206
HORLEY	51.16877	-0.16105
HORSHAM	51.06606	-0.31927
HORWICH	53.57810	-2.53967
HOSCAR	53.59777	-2.80442
HOUGHGR	53.37239	-2.77507
HOUNSLW	51.46194	-0.36228
HOVE	50.83521	-0.17069
HOWDEN	53.76471	-0.86046
HOWOOD	55.81056	-4.56306
HOWWOOD	51.71774	-0.34467
HOXTON	51.53151	-0.07568
HOYLAKE	53.39021	-3.17883
HRGY	51.57736	-0.10514
HRGYGL	51.57718	-0.09814
HRGYSTD	51.57718	-0.09814
HRLC	52.86133	-4.10919
HRLDWOD	51.59276	0.23313
HRLG	51.96206	-0.49569
HRLNGRD	52.45369	0.90914
HRLWMIL	51.79036	0.13231
HRLWTWN	51.78107	0.09513
HRNBPK	53.97987	-1.52682
HRNEBAY	51.36459	1.11773
HRNSY	51.58646	-0.11198
HROW	51.59217	-0.33457
HROWDC	51.59217	-0.33457
HRPNDN	51.81464	-0.35148
HRSLEY	51.27935	-0.43541
HRSM	51.24483	0.67240
HRSTGRN	51.24443	0.00394
HRTLEPL	54.68675	-1.20732
HRTW	55.81148	-3.83932
HSFT	53.84770	-1.63023
HTCHEND	51.60942	-0.36860
HTCP	53.42556	-2.17904
HTFLASF	53.58871	-1.02338
HTHRGRN	51.45202	-0.00094
HTNCRNS	53.95585	-0.43386
HTNRIBL	54.14938	-2.30203
HTRBUS4	51.45933	-0.44697
HTRBUS5	51.47125	-0.48937
HTRWAPT	51.47140	-0.45433
HTRWCBS	51.47109	-0.45331
HTRWTE4	51.45933	-0.44697
HTRWTM4	51.45827	-0.44546
HTRWTM5	51.47005	-0.49059
HUCKNAL	53.03828	-1.19581
HULL	53.74415	-0.34568
HUNCOAT	53.77178	-2.34756
HUNGRFD	51.41491	-1.51229
HUNMNBY	54.17392	-0.31456
HUNTSX	53.36071	-2.85586
HUYTON	53.40968	-2.84299
HWKHEAD	55.84219	-4.39885
HWRDJN	51.26698	-2.19918
HWYCOMB	51.62958	-0.74541
HYDB	54.97517	-2.24759
HYDEC	53.45188	-2.08525
HYDEN	53.46480	-2.08546
HYDNSRD	51.42545	-0.18881
HYKEHAM	53.19500	-0.60020
HYNDLND	55.87975	-4.31467
HYWRDSH	51.00568	-0.10508
IBMM	55.92945	-4.82724
IFIELD	51.11562	-0.21477
ILFENBP	51.57564	0.09017
ILFORD	51.55912	0.06968
ILKLEY	53.92476	-1.82203
INCE	53.53891	-2.61152
INEL	53.27661	-2.81652
INGTSTN	51.66704	0.38425
INSCH	57.33750	-2.61711
INVERKP	55.90610	-4.87259
INVGWRE	56.45647	-3.05740
INVRSHN	57.92487	-4.39948
INVURIE	57.28627	-2.37356
IPSWICH	52.05059	1.14443
IRLAM	53.43431	-2.43323
IRVN	55.61087	-4.67515
ISLEWTH	51.47476	-0.33691
ISLIP	51.82575	-1.23818
IVER	51.50850	-0.50673
IVRGRD	57.68902	-4.17484
IVRGRDN	57.68902	-4.17484
IVRKTHG	56.03468	-3.39619
IVRNESS	57.47987	-4.22336
IVYBDGE	50.39341	-3.90420
JAMCOK	54.55203	-1.20857
JAMESST	53.40476	-2.99196
JHNSTND	51.75674	-4.99633
JOHNSTN	55.83471	-4.50364
JORDANH	55.88271	-4.32492
KCLD	56.11206	-3.16703
KDRMNST	52.38448	-2.23847
KEARSLY	53.54414	-2.37512
KEIGHLY	53.86796	-1.90165
KEITH	57.55090	-2.95407
KELVEDN	51.84070	0.70239
KEMBLE	51.67699	-2.02282
KEMSING	51.29719	0.24743
KENDAL	54.33209	-2.73965
KENISHD	55.81331	-4.32525
KENNETT	52.27726	0.49046
KENOLYM	51.49790	-0.21036
KENR	51.53455	-0.21996
KENSLG	51.53054	-0.22509
KENTHOS	51.41221	-0.04525
KETR	52.39355	-0.73156
KEWBDGE	51.48951	-0.28711
KEWGRDN	51.47707	-0.28505
KEYHAM	50.38988	-4.17960
KEYNSHM	51.41798	-2.49563
KGHN	56.06934	-3.17415
KGPK	55.81954	-4.24652
KGSTON	51.41275	-0.30117
KGUSSIE	57.07778	-4.05219
KGWD	51.29472	-0.21125
KIDBROK	51.46212	0.02750
KIDSGRV	53.08656	-2.24482
KIDWELY	51.73434	-4.31699
KILDONN	58.17081	-3.86911
KILGETY	51.73210	-4.71516
KILMRNK	55.61212	-4.49868
KILWNNG	55.65595	-4.71002
KINBRAC	58.25831	-3.94121
KINGHAM	51.90225	-1.62879
KINSSTN	52.02135	-1.28093
KINSVSQ	52.02135	-1.28093
KIRBYX	51.84140	1.21499
KIRKHAM	53.78691	-2.88294
KKBY	53.48619	-2.90283
KKSNDAL	53.56388	-1.07406
KLBRNHR	51.53728	-0.19224
KLDL	54.47776	-1.06814
KLGL	51.70635	-0.43842
KLMAURS	55.63721	-4.53049
KLPTRCK	55.92470	-4.45341
KLYNN	52.75392	0.40345
KMPSTNH	52.09222	-0.50391
KMPTNPK	51.42098	-0.40975
KMSLY	51.36244	0.73536
KNCKHLT	51.34579	0.13085
KNEBWTH	51.86685	-0.18729
KNGW	55.91881	-3.26497
KNGX	51.53088	-0.12293
KNIGHTN	52.34507	-3.04220
KNLY	51.32478	-0.10093
KNLYBUS	51.32478	-0.10093
KNORTON	52.41429	-1.93233
KNRSBGH	54.00902	-1.47042
KNSGHST	51.50102	-0.19274
KNTBRY	51.40252	-1.44599
KNTNGLY	53.70654	-1.25918
KNTSHTN	51.55049	-0.14036
KNTSHTW	51.54655	-0.14666
KNUCKLS	52.35986	-3.09688
KNUTSFD	53.30179	-2.37179
KNYMPTN	50.93607	-3.90541
KRKBYIF	54.23271	-3.18738
KRKC	55.38830	-3.99850
KRKDALE	53.44090	-2.98112
KRKH	55.81391	-4.16710
KRKNWTN	55.88869	-3.43251
KRKWOOD	55.85419	-4.04840
KRKYCEN	53.10010	-1.25306
KRTNLND	53.48484	-0.59391
KSNY	51.14937	1.27206
KSTP	54.45486	-2.36860
KTBK	54.17290	-2.92523
KTON	51.58180	-0.31698
KVTNBDG	53.34096	-1.26718
KVTNPK	53.33671	-1.23984
KYLELSH	57.27977	-5.71381
LADYBNK	56.27378	-3.12228
LAINDON	51.56752	0.42429
LAIRG	58.00183	-4.39989
LAKEIOW	50.64648	-1.16635
LAKNHTH	52.44740	0.53520
LAMBH	55.89734	-4.28268
LAMPHEY	51.66718	-4.87326
LANARK	55.67361	-3.77329
LANCSTR	54.04873	-2.80746
LANDUDJ	53.28394	-3.80910
LANFRFC	53.25729	-3.98320
LANGLEY	51.50806	-0.54176
LANGTCR	51.50806	-0.54176
LAPFORD	50.85700	-3.81064
LAPWRTH	52.34225	-1.72569
LARBERT	56.02270	-3.83058
LARGS	55.79274	-4.86720
LARKHAL	55.73859	-3.97551
LAWRNCH	51.45801	-2.56443
LAYTON	53.83527	-3.02999
LAZKRKO	54.75044	-2.70321
LBDR	52.82085	-4.11020
LBGHJN	51.46630	-0.10218
LCEILOB	56.85527	-5.19158
LCHALRT	56.88096	-5.66339
LCHC	52.68014	-1.82542
LCHESDE	56.85541	-5.29004
LCHGLLY	56.13533	-3.31294
LCHLCHR	57.62176	-4.80905
LCHTTVH	52.68689	-1.80023
LCHTTVL	52.68689	-1.80023
LCHWNCH	55.78715	-4.61608
LCKRBIE	55.12305	-3.35353
LDBURY	52.04525	-2.42586
LDLNGTN	52.04153	-0.55893
LDYW	51.45624	-0.01904
LEAGRVE	51.90516	-0.45850
LEAHALL	52.48064	-1.78601
LEALHLM	54.46059	-0.82572
LEASOWE	53.40804	-3.09959
LEEDS	53.79562	-1.54803
LEEE	51.44975	0.01349
LEGR	53.42681	-2.72498
LEIGBUS	51.19390	0.21049
LEIGHK	51.19390	0.21049
LELANT	50.18412	-5.43655
LELANTS	50.17877	-5.44093
LENHAM	51.23448	0.70776
LENZIE	55.92132	-4.15389
LEOMBUS	52.22568	-2.73034
LEOMNST	52.22568	-2.73034
LESTER	52.63142	-1.12528
LETHRHD	51.29882	-0.33323
LEUCHRS	56.37510	-2.89371
LEWES	50.87063	0.01133
LEWISHM	51.46569	-0.01402
LEYLAND	53.69885	-2.68715
LEYTNMR	51.56972	-0.00805
LFPW	53.22094	-4.20922
LGBK	55.92452	-4.58527
LGFD	51.39615	0.30036
LGHO	53.80483	-2.44866
LGML	53.01806	-1.33124
LGRN	52.49387	-2.00496
LGWITH	53.23184	-1.20934
LGWOOD	52.62210	1.48994
LHONSEA	51.54127	0.64041
LHRBT4	51.45933	-0.44697
LHVN	51.07975	-0.30798
LHVNBUS	51.07975	-0.30798
LIMHSE	51.51253	-0.03980
LINCLNC	53.22609	-0.53992
LINGFLD	51.17645	-0.00716
LIPHOOK	51.07131	-0.80023
LISKARD	50.44686	-4.46957
LISS	51.04357	-0.89287
LITLBRO	53.64299	-2.09465
LIVST	51.51799	-0.08143
LKWD	53.63473	-1.80079
LLANDAF	51.50844	-3.22861
LLBRDCH	51.60325	-3.23305
LLBSTRD	52.33642	-3.21342
LLDEILO	51.88534	-3.98689
LLDODW	52.24236	-3.37914
LLDVERY	51.99531	-3.80283
LLDYBIE	51.82103	-4.00365
LLGADOG	51.94021	-3.89315
LLGMMRW	52.11430	-3.55482
LLGNNCH	51.69113	-4.07893
LLGUNLO	52.34962	-3.16137
LLHARAN	51.53758	-3.44078
LLHLETH	51.70030	-3.13519
LLISHEN	51.53274	-3.18198
LLNLLI	51.67386	-4.16130
LLNSMLT	51.66150	-3.88469
LLNWTMR	51.40975	-3.48162
LLWRDA	51.96258	-3.87167
LLWRTYW	52.10471	-3.63216
LLWYNYP	51.63400	-3.45351
LMNGTNS	52.28449	-1.53621
LMTNPIR	50.75830	-1.52945
LMTNTWN	50.76091	-1.53716
LNAB	52.74150	-4.07718
LNCG	50.82708	-0.32311
LNDC	52.92068	-4.05703
LNDNBDC	51.50502	-0.08609
LNDNBDE	51.50502	-0.08609
LNDNBDG	51.50502	-0.08609
LNDW	52.83616	-4.12386
LNDYW	52.65654	-2.02073
LNGBKBY	52.29471	-1.08647
LNGCROS	51.38517	-0.59457
LNGEATN	52.88499	-1.28752
LNGNDRY	55.97648	-2.88834
LNGP	53.04188	-2.21645
LNLTHGW	55.97645	-3.59585
LNRWST	53.13885	-3.79440
LNSD	55.82113	-4.27734
LNTN	52.98995	-2.13701
LOCHAWE	56.40201	-5.04198
LOGHBRO	52.77895	-1.19593
LONB	52.39642	-1.98129
LONDNBS	51.52316	-0.15686
LONFLDS	51.54115	-0.05775
LONGBCK	54.58922	-1.03047
LOOE	50.35922	-4.45616
LOSTCKP	53.57293	-2.49427
LOWDHAM	53.00628	-0.99842
LOWSTFT	52.47444	1.74971
LPRESTN	54.01684	-2.25559
LRDGFD	51.24065	-0.56507
LRNCKRK	56.83635	-2.46593
LSTG	53.26766	-2.46520
LSTH	53.72424	-2.68748
LSTWTHL	50.40718	-4.66597
LSYDNHM	51.42483	-0.03335
LTCE	51.97996	-0.22926
LTHH	51.54458	-3.18560
LTLHMPT	50.81011	-0.54599
LTLKMBL	51.75223	-0.80845
LTLPORT	52.46238	0.31656
LTLSUTN	53.28551	-2.94329
LTNBZRD	51.91630	-0.67701
LUDLCST	52.37128	-2.71622
LUDLOW	52.37128	-2.71622
LUDO	53.32091	-3.82700
LUTOAPY	51.87244	-0.39588
LUTON	51.88230	-0.41404
LUXULYN	50.39003	-4.74738
LVHM	53.44416	-2.19267
LVNSTNN	55.90138	-3.54435
LVNSTNS	55.87169	-3.50157
LVRPLCH	53.40460	-2.97917
LVRPLCL	53.40460	-2.97917
LVRPLSH	53.40731	-2.97773
LVRPLSL	53.40731	-2.97773
LVRPSPY	53.35774	-2.88913
LWBY	54.69436	-2.66368
LYDNEY	51.71413	-2.53086
LYEE	52.45992	-2.11593
LYMPSTC	50.66224	-3.44084
LYMPSTN	50.64829	-3.43101
LYNDHRD	50.88985	-1.52663
LYNDPKH	50.88985	-1.52663
LYNGRIL	52.66678	-4.08768
LYTHAM	53.73928	-2.96404
LYTNSHR	51.56355	0.00842
MACLSFD	53.25934	-2.12198
MAESTER	51.60534	-3.64899
MAESTGW	51.60994	-3.65465
MAGHULL	53.50647	-2.93085
MALDENM	51.38473	-0.26127
MALTON	54.13207	-0.79722
MANEA	52.49784	0.17769
MANNGTR	51.94905	1.04524
MANOMET	54.97400	-1.60480
MANORS	54.97276	-1.60474
MANRPK	51.55247	0.04634
MARDEN	51.17517	0.49317
MARGATE	51.38543	1.37200
MARLOW	51.57099	-0.76643
MARPLE	53.40069	-2.05726
MARTON	54.54434	-1.19848
MARYLBN	51.52252	-0.16291
MASH	51.68133	-3.37634
MATLCKB	53.12235	-1.55676
MATLOCK	53.13841	-1.55891
MAXWLPK	55.83773	-4.28869
MAYBOLE	55.35473	-4.68529
MAZEH	51.48262	0.00291
MBRK	50.91149	-1.43384
MCHLDVR	51.18239	-1.26068
MCHYNLT	52.59513	-3.85453
MCKLFLD	53.78884	-1.32679
MDLSBRO	54.57910	-1.23472
MDNHEAD	51.51867	-0.72266
MDNNWTN	50.78000	-2.56943
MDWD	53.35996	-2.08335
MEADWHL	53.41746	-1.41285
MELDRTH	52.09071	0.00894
MELKSHM	51.37982	-2.14450
MELS	53.39944	-3.15427
MELTON	52.10444	1.33824
MENHENT	50.42623	-4.40922
MENSTON	53.89234	-1.73551
MEOLSCP	53.64627	-2.97580
MEOPHAM	51.38642	0.35695
MERSTHM	51.26415	-0.15023
MERTHRV	51.68664	-3.33658
MERTHYR	51.74462	-3.37725
MEXBRGH	53.49099	-1.28856
MFAM	52.70713	-4.03217
MFLDTWN	53.14210	-1.19843
MFLDWSE	53.16356	-1.20185
MHERON	51.40741	-0.72440
MIDGHAM	51.39597	-1.17771
MILKNPK	55.82511	-4.53336
MINFORD	52.92613	-4.08497
MINMARS	51.99228	-1.70038
MINSTER	51.32917	1.31722
MIRFILD	53.67140	-1.69255
MISTLEY	51.94363	1.08140
MITCHMJ	51.39295	-0.15776
MKIN	56.20101	-3.13079
MKNSCEN	52.03429	-0.77415
MKTR	53.38391	-0.33690
MLAIG	57.00599	-5.82960
MLBRKB	52.05383	-0.53270
MLDSWTH	53.23180	-2.73222
MLDTHRD	53.43306	-2.20925
MLFDHVN	51.71497	-5.04097
MLFORD	51.16332	-0.63695
MLFORLP	51.16332	-0.63695
MLGV	55.94136	-4.31458
MLHB	51.61309	-0.24924
MLHL	53.73546	-2.50174
MLLF	54.90650	-1.40090
MLLM	54.21082	-3.27108
MLNRYDJ	53.70784	-1.90702
MLSECMB	50.84672	-0.11884
MLSHILL	53.55131	-2.17151
MLTNSDG	52.76103	-0.88587
MLVRNLK	52.12547	-2.31951
MMIL	51.17068	1.34822
MNCRDGT	53.47418	-2.25105
MNCRIAP	53.36504	-2.27298
MNCROXR	53.47403	-2.24200
MNCRPIC	53.47736	-2.23091
MNCRUFG	53.46219	-2.29065
MNCRVIC	53.48747	-2.24260
MNKRISB	51.73576	-0.82933
MNORBER	51.66016	-4.79183
MNRD	53.39478	-3.17144
MNTVRNN	55.84020	-4.13367
MOBERLY	53.32914	-2.33367
MOCHARD	50.83190	-3.77637
MONIFTH	56.48011	-2.81825
MONPELR	51.46835	-2.58869
MONTRSE	56.71280	-2.47207
MORAR	56.96972	-5.82192
MORCAME	54.07032	-2.86931
MORDENS	51.39611	-0.19946
MORETON	50.70103	-2.31345
MOREWWR	50.70103	-2.31345
MORFLDS	53.40856	-2.98919
MORFNL	53.40856	-2.98919
MORTHRP	53.59499	-1.30495
MOSSLEY	53.51498	-2.04128
MOTFONT	51.03392	-1.54708
MOTHRWL	55.79167	-3.99433
MOTNGHM	51.44022	0.05005
MOTO	53.40721	-3.11350
MOTSPRP	51.39519	-0.23953
MPRT	54.71132	-3.49407
MRCH	52.55989	0.09120
MRGT	51.51849	-0.08894
MRKSTEY	51.88094	0.78333
MRKTHRB	52.47972	-0.90933
MRLY	53.74992	-1.59098
MRPTHRP	55.16237	-1.68307
MRRYTON	55.74871	-3.97825
MRSD	53.51627	-2.35180
MRSK	54.58742	-1.01891
MRSN	53.60318	-1.93075
MRSTNGR	52.46719	-1.75561
MRTLKE	51.46808	-0.26711
MRYHILL	55.89763	-4.30075
MRYLAND	51.54608	0.00582
MSELBGH	55.93359	-3.07320
MSGT	53.55598	-2.40119
MSLH	53.37904	-2.91544
MSSD	53.76497	-2.94293
MSSPARK	55.84083	-4.34829
MSTN	53.52342	-2.17102
MSTONEB	51.27717	0.51396
MSTONEE	51.27783	0.52130
MSTONEW	51.27046	0.51577
MTFL	55.82655	-4.26113
MTHRNGH	53.13888	-0.39145
MTIMER	51.37208	-1.03551
MUIREND	55.80946	-4.27439
MUROORD	57.51785	-4.46023
MYTHLMR	53.72900	-1.98143
NABT	50.52958	-3.59917
NAFERTN	54.01122	-0.38608
NAILSEA	51.41941	-2.75063
NAIRN	57.58025	-3.87200
NANTWCH	53.06357	-2.51896
NARBRO	52.57129	-1.20335
NAVGTNR	53.39537	-2.34342
NBARNET	51.64857	-0.17300
NBCKNHM	51.41677	-0.03527
NBERWCK	56.05704	-2.73074
NBRWGE	51.66581	-3.14289
NBTN	53.43740	-3.04796
NCRAGHA	55.93312	-3.09084
NDULWCH	51.45451	-0.08792
NEATH	51.66236	-3.80722
NEEDHAM	52.15259	1.05526
NEILSTN	55.78304	-4.42695
NESTON	53.29185	-3.06308
NETHRTN	54.45641	-3.56584
NETLEY	50.87491	-1.34190
NEWANG	53.08176	-0.79985
NEWBRYR	51.39846	-1.30780
NEWBURY	51.39765	-1.32286
NEWCLEE	53.57438	-0.06081
NEWHVNH	50.78979	0.05499
NEWHVNT	50.79485	0.05495
NEWLANE	53.61166	-2.86772
NEWMLDN	51.40407	-0.25594
NEWNGTN	51.35334	0.66857
NEWPRTE	51.97987	0.21514
NEWQUAY	50.41509	-5.07565
NEWSGAT	51.61411	-0.14304
NEWXGEL	51.47513	-0.04041
NEWXGTE	51.47513	-0.04041
NHOL	53.70192	-0.36021
NINIANP	51.47661	-3.20169
NITSH	55.81193	-4.35996
NLANRST	53.14382	-3.80273
NLRTN	54.33307	-1.44127
NLSN	53.83500	-2.21376
NMBRLPK	51.60197	-0.05393
NMILTON	50.75575	-1.65781
NMPTBAY	52.23750	-0.90665
NMPTN	52.23750	-0.90665
NMPTNNJ	52.24270	-0.90790
NNTN	52.52637	-1.46388
NORBURY	51.41144	-0.12193
NORMNTN	53.70052	-1.42340
NORWDJ	51.39702	-0.07522
NPUD	53.80448	-1.68079
NQNSFRY	56.01250	-3.39458
NRBERTH	51.79937	-4.72718
NRBITON	51.41236	-0.28403
NRCH	52.62715	1.30682
NRMNSBY	50.82610	0.38946
NRTF	52.40819	-1.96585
NRTHCA	51.44584	0.32433
NRTHFLT	51.44584	0.32433
NSHEEN	51.46515	-0.28788
NSTCYRE	50.77893	-3.58939
NTHCAMP	51.27579	-0.73120
NTHOLTP	51.55754	-0.35947
NTHRFLD	52.96141	-1.07985
NTHWICH	53.26145	-2.49692
NTNB	52.86670	-2.19054
NTNG	52.94707	-1.14638
NTRD	54.53620	-1.55395
NUNHEAD	51.46683	-0.05227
NUNTHRP	54.52788	-1.16945
NUTBBUS	50.84607	-0.88295
NUTBORN	50.84607	-0.88295
NUTFILD	51.22681	-0.13253
NWALSHM	52.81688	1.38445
NWCMNCK	55.40274	-4.18434
NWCOURT	50.70504	-3.47278
NWCRELL	51.47634	-0.03244
NWCROSS	51.47634	-0.03244
NWCSTLE	54.96840	-1.61728
NWCSTLL	54.96860	-1.61710
NWELTHM	51.43806	0.07053
NWEMBLY	51.56259	-0.30398
NWHYTHE	51.31300	0.45493
NWMILSC	53.36484	-2.00567
NWMILSN	53.35963	-2.00853
NWMKET	52.23794	0.40621
NWPTRTG	51.58879	-3.00054
NWRKCAS	53.08000	-0.81316
NWSTEAD	53.06998	-1.22179
NWTA	54.61370	-1.58965
NWTGRNG	55.86700	-3.06937
NWTH	53.45638	-2.06714
NWTL	55.81878	-4.13305
NWTM	57.05914	-4.11911
NWTNLW	53.45306	-2.61360
NWTOA	55.47405	-4.62583
NWTP	52.51231	-3.31139
OAKHAM	52.67221	-0.73417
OAKNGTS	52.69340	-2.45019
OBAN	56.41249	-5.47393
OCKENDN	51.52199	0.29047
OCKLYAC	51.15151	-0.33601
OKHMPTN	50.73238	-3.99621
OKLGHPK	51.63768	-0.16621
OLDFLBR	51.37923	-2.38051
OLDFLDP	51.37923	-2.38051
OLDROAN	53.48689	-2.95107
OLDST	51.52583	-0.08854
OLHL	52.47093	-2.05619
OLTON	52.43851	-1.80431
OPOL	53.28405	-2.92406
OREE	50.86695	0.59157
ORELPKH	53.46190	-2.96332
ORMSKRK	53.56927	-2.88119
ORPNGTN	51.37329	0.08909
ORRELL	53.53031	-2.70884
OTFORD	51.31316	0.19678
OULTNBN	52.47776	1.71571
OULTNBS	52.46960	1.70766
OUTWOOD	53.71529	-1.51040
OVTN	51.25429	-1.25927
OVTNVPO	51.25429	-1.25927
OXENHLM	54.30493	-2.72187
OXFD	51.75349	-1.27015
OXSHOTT	51.33639	-0.36242
OXTED	51.25791	-0.00483
OXTEDBY	51.25791	-0.00483
PADGATE	53.40579	-2.55681
PADTLUL	51.51667	-0.17693
PADTON	51.51599	-0.17617
PAIGNTN	50.43472	-3.56488
PALL	54.91280	-1.41770
PALMRSG	51.61831	-0.11044
PANGBRN	51.48540	-1.09047
PANNAL	53.95832	-1.53347
PARBOLD	53.59075	-2.77075
PARR	50.35532	-4.70468
PARSNST	51.43332	-2.60774
PARTON	54.57037	-3.58080
PATCHWY	51.52593	-2.56269
PATERTN	55.79061	-4.33530
PBRO	52.57497	-0.24984
PBRT	53.53041	-2.67035
PCHESTR	50.84875	-1.12424
PCKHMQD	51.47356	-0.05731
PCKHMRY	51.47003	-0.06941
PEARTRE	52.89699	-1.47321
PEGSWD	55.17813	-1.64417
PELAWTW	54.95270	-1.54140
PEMBRKD	51.69391	-4.93805
PEMBROK	51.67294	-4.90602
PENARTH	51.43589	-3.17444
PENCOED	51.52461	-3.50048
PENEW	51.41755	-0.06084
PENGAM	51.67045	-3.23010
PENHELG	52.54568	-4.03503
PENISTN	53.52554	-1.62278
PENMERE	50.15033	-5.08319
PENYCHN	52.90288	-4.33872
PENZNCE	50.12167	-5.53257
PERANWL	50.21658	-5.11207
PERSHOR	52.13055	-2.07154
PERTH	56.39209	-3.43970
PETSWD	51.38862	0.07448
PEWSEY	51.34219	-1.77068
PHBR	50.79696	-1.10784
PHLD	55.81217	-4.34289
PICDYCR	51.51010	-0.13400
PILNING	51.55663	-2.62711
PINHOE	50.73778	-3.46933
PITSEA	51.56036	0.50629
PKHMRYC	51.47003	-0.06941
PKST	51.72546	-0.34028
PKWD	51.18226	0.38915
PLASTOW	51.53140	0.01722
PLKLHDE	55.84107	-4.26860
PLKLHDW	55.83770	-4.27575
PLKSHWE	55.82464	-4.28689
PLKSHWW	55.82383	-4.30161
PLMPTON	50.92866	-0.06018
PLMS	51.48979	0.08426
PLOCKTN	57.33356	-5.66600
PLSNGTN	53.73096	-2.54412
PLTH	57.06138	-2.12661
PLTNLFY	53.84842	-2.99062
PLUCKLY	51.15647	0.74740
PLUMLEY	53.27467	-2.41966
PLYMTH	50.37783	-4.14332
PMBRYBP	51.68353	-4.24784
PNALLY	51.65892	-4.72205
PNDRSEN	51.64225	-0.03508
PNGEE	51.41933	-0.05422
PNKRBUS	52.72350	-2.11929
PNKRDG	52.72350	-2.11929
PNMNMWR	53.27046	-3.92351
PNRHCBR	51.66992	-3.35994
PNSHBUS	51.19734	0.17347
PNSHRST	51.19734	0.17347
PNTADLS	51.71762	-4.04554
PNTH	54.66180	-2.75888
PNTLTYN	51.74663	-3.27896
PNTRBCH	51.72501	-3.36232
PNTYFYN	51.77888	-3.99743
PNYF	53.14309	-3.05484
PNYPANT	53.06513	-3.86272
POKSDWN	50.73109	-1.82510
POLGATE	50.82124	0.24514
POLMONT	55.98474	-3.71497
POLSBDG	50.73128	-3.50195
POMOHSP	50.79696	-1.10784
POMOPLD	50.79696	-1.10784
PONTYPL	51.69796	-3.01424
PONYCLN	51.52377	-3.39292
POOLE	50.71943	-1.98332
POPLTON	53.97590	-1.14860
PORH	51.61254	-3.40719
POSILPK	55.89014	-4.25851
POTRSBR	51.69707	-0.19261
POYNTON	53.35038	-2.13441
PPAN	55.95310	-2.97477
PREES	52.89930	-2.68966
PRESCOT	53.42356	-2.79917
PRHN	52.92882	-4.06456
PRINRIS	51.71786	-0.84388
PRITLWL	51.55069	0.71068
PRKSTON	51.94729	1.25512
PRSP	50.84594	-0.15517
PRSPBUS	50.84594	-0.15517
PRST	53.75686	-2.70813
PRSTFGT	53.75686	-2.70813
PRSTN4B	53.75686	-2.70813
PRTHHBR	52.92404	-4.12682
PRTHMDG	52.93092	-4.13445
PRTSMTA	50.95700	-3.95058
PRUDHOE	54.96583	-1.86487
PRYBR	52.51648	-1.90196
PRYN	50.17071	-5.11161
PSBY	53.29338	-2.14548
PSEA	50.79849	-1.09091
PSLDAWH	50.83568	-0.20534
PSLT	53.34925	-2.99803
PSLYCAN	55.84008	-4.42412
PSLYGST	55.84735	-4.42451
PSLYSTJ	55.85212	-4.44244
PSRN	52.83070	-4.11216
PSTA	53.33650	-3.40713
PSTONE	50.72298	-1.94796
PTALBOT	51.59172	-3.78131
PTCK	55.86989	-4.30881
PTFTBHL	53.69188	-1.30335
PTFTMHL	53.69898	-1.30369
PTFTTSF	53.69413	-1.31891
PTGLSGW	55.93351	-4.68983
PTLCHRY	56.70250	-3.73557
PTRCRFT	53.48478	-2.35824
PTRSFLD	51.00672	-0.94114
PTYPRID	51.59937	-3.34137
PULBRO	50.95736	-0.51656
PURFLET	51.48101	0.23677
PURLEY	51.33758	-0.11404
PURLEYO	51.34704	-0.09886
PUTNEY	51.46130	-0.21647
PVNSYAW	50.81580	0.32481
PVNSYBY	50.81746	0.34291
PWCK	55.50170	-4.61516
PWCKAPT	55.50903	-4.61417
PWLHELI	52.88783	-4.41670
PWTH	52.62583	-1.61054
PYBONT	52.27394	-3.32193
PYLE	51.52573	-3.69805
QNTRLDW	50.40405	-5.02849
QPRK	51.53396	-0.20498
QPRKAC	51.53396	-0.20498
QTRDBAT	51.47497	-0.14668
QUAKRSY	51.66072	-3.32280
QUENBRO	51.41563	0.74967
QUNPARK	55.83530	-4.26675
RADLETT	51.68519	-0.31724
RADNOT	52.94878	-1.03733
RADYR	51.51632	-3.24835
RAINHMK	51.36630	0.61134
RAMSGTE	51.34080	1.40647
RANNOCH	56.68604	-4.57687
RAUCEBY	52.98520	-0.45661
RAWCLIF	53.68904	-0.96086
RAYLEGH	51.58929	0.59998
RAYNSPK	51.40917	-0.23015
RBRN	51.41419	-0.00756
RBRTSBD	50.98493	0.46878
RCHDALE	53.61031	-2.15352
RCHE	50.41854	-4.83020
RCHT	51.38555	0.51028
RCKMNSW	51.64024	-0.47328
RCTRYRD	51.55850	-0.06827
RDHAMN	52.56450	1.55965
RDIT	52.30632	-1.94525
RDLEY	51.68620	-1.24048
RDLSDWN	51.33248	-0.09939
RDNG4AB	51.45878	-0.97186
RDNGBUS	51.45878	-0.97186
RDNGSTN	51.45878	-0.97186
REDBDGE	50.91994	-1.47016
REDCARC	54.61623	-1.07087
REDCARE	54.60925	-1.05229
REDCBSC	54.60989	-1.11266
REDGWST	51.45550	-0.99013
REDHILL	51.24020	-0.16590
REDISHN	53.44941	-2.15625
REDISHS	53.43592	-2.15876
REDLAND	51.46838	-2.59912
REDRUTH	50.23325	-5.22592
REEDHMS	51.33112	-0.12342
REIGATE	51.24196	-0.20383
RENTON	55.97043	-4.58613
RGHTNRD	52.91802	1.29979
RGLS	54.35571	-3.40881
RHIL	53.41712	-2.76640
RHIWBNA	51.52118	-3.21397
RHOOSE	51.38706	-3.34938
RHOSNGR	53.23484	-4.50664
RHYL	53.31842	-3.48911
RHYMNEY	51.75884	-3.28930
RIBLHED	54.20584	-2.36086
RICELA	53.45777	-2.96232
RICHMND	51.46306	-0.30156
RICHNLL	51.46306	-0.30156
RIDGMNT	52.02640	-0.59456
RIDNGML	54.94873	-1.97155
RISCA	51.60585	-3.09221
RISHTON	53.76381	-2.42016
RMSWILP	53.77977	-2.47814
RNFD	53.51710	-2.78947
RNHAME	51.51672	0.19063
ROBY	53.41004	-2.85593
ROCHFD	51.58173	0.70230
ROCKFRY	53.37265	-3.01083
ROCKFY1	53.37265	-3.01083
ROCKFYB	53.37265	-3.01083
ROGART	57.98871	-4.15818
ROGRSTN	51.59561	-3.06661
ROHL	53.39622	-2.07652
ROLSTN	53.06528	-0.89967
ROMANBG	53.04441	-3.92165
ROMFORD	51.57483	0.18324
ROMILEY	53.41401	-2.08933
ROMSEY	50.99253	-1.49314
ROOSE	54.11516	-3.19457
ROSG	53.78619	-2.28280
ROSYTH	56.04552	-3.42731
ROTHCEN	53.43225	-1.36043
ROWLEYR	52.47732	-2.03087
ROYBDGE	56.88836	-4.83724
ROYDON	51.77548	0.03625
ROYSTON	52.05308	-0.02692
RSKNGTN	53.04146	-0.38076
RTFD	53.31515	-0.94788
RTFDLL	53.31515	-0.94788
RTHERHI	51.50081	-0.05205
RTHGLEN	55.83059	-4.21210
RTHP	53.67552	-1.65558
RUABON	52.98713	-3.04314
RUFDORD	53.63446	-2.80784
RUGBY	52.37909	-1.25048
RUGL	52.76965	-1.92985
RUGLTWN	52.75438	-1.93684
RUNCORN	53.33869	-2.73925
RUNCRNE	53.32757	-2.66570
RUSWARP	54.47019	-0.62777
RWLNDSC	50.89217	-0.95747
RYDCATS	50.73918	-1.16013
RYDE	50.73287	-1.15962
RYDP	50.73918	-1.16013
RYDRBRW	53.45658	-2.17309
RYDS	50.72436	-1.15657
RYEE	50.95237	0.73070
RYEHOUS	51.76941	0.00563
SABR	53.66308	-1.48142
SACTON	51.49969	-0.27016
SADWRD	51.51277	-2.69631
SAIR	53.83849	-1.79048
SALFDS	51.20175	-0.16249
SALHOUS	52.67557	1.39142
SALWICK	53.78154	-2.81704
SAMPCRT	50.77010	-3.94889
SANDH	53.42994	-2.99149
SANKEY	53.39246	-2.65047
SANQHAR	55.37017	-3.92452
SARN	51.53871	-3.58991
SASH	50.40735	-4.20911
SAXILBY	53.26720	-0.66404
SBCH	53.15017	-2.39351
SBDGWTH	51.81435	0.16041
SBOUBUS	50.84828	-0.90811
SBOURNE	50.84828	-0.90811
SBRMNDS	51.48813	-0.05468
SBRN	54.58345	-0.97413
SBROUGH	53.58709	-0.18367
SBURY	51.64870	-0.05244
SBYD	53.48458	-2.06274
SCARBRO	54.27979	-0.40570
SCNTHRP	53.58617	-0.65098
SCROYDN	51.36296	-0.09346
SCSCLDR	58.48299	-3.55205
SCTSTNH	55.88514	-4.35289
SDAL	54.16991	-2.80384
SDBRYHH	51.55846	-0.33580
SDBRYHR	51.55440	-0.31547
SDLG	51.09037	1.06604
SDON	51.56547	-1.78551
SDPLACE	50.38675	-4.46448
SDRSFOT	51.72209	-4.71658
SDSD	51.34828	-0.09368
SEABURN	54.92953	-1.38669
SEAFORD	50.77284	0.10013
SEAHAM	54.83905	-1.34634
SEAMER	54.24075	-0.41703
SEASCAL	54.39587	-3.48451
SEERGRN	51.60984	-0.60782
SELAFLD	54.41658	-3.51046
SELBY	53.78278	-1.06379
SELHRST	51.39193	-0.08830
SELLING	51.27735	0.94087
SELMSAL	53.59461	-1.28486
SELYOAK	52.44198	-1.93581
SEMILLS	51.47999	-2.64995
SESABUS	50.83126	0.03064
SESARDM	50.83126	0.03064
SETNCRW	54.65831	-1.20043
SETTLE	54.06691	-2.28071
SEVNSIS	51.58227	-0.07527
SEVTNLJ	51.58467	-2.77789
SFRTHAL	53.46627	-3.00562
SGFORD	51.53375	-0.33670
SGOS	55.00600	-1.60800
SGRLOAF	52.08227	-3.68695
SHADWEL	51.51128	-0.05693
SHALFD	51.21432	-0.56680
SHAMPTN	51.48435	-2.67927
SHANKLN	50.63391	-1.17983
SHAWFD	51.02212	-1.32777
SHBN	53.79715	-1.23268
SHBRYNS	51.53097	0.79534
SHDN	54.62616	-1.63661
SHEFFLD	53.37822	-1.46211
SHELFD	52.14883	0.13998
SHENFLD	51.63088	0.32985
SHEPRTN	51.39680	-0.44679
SHERBRN	50.94402	-2.51307
SHIFNAL	52.66607	-2.37184
SHILDMR	55.77749	-3.95699
SHIRLEY	52.40342	-1.84518
SHLIER	51.38990	-0.19877
SHMPSTD	51.54143	-0.17888
SHNS	52.63936	-1.84420
SHOLING	50.89675	-1.36491
SHOTTHL	53.21353	-3.03770
SHOTTON	53.21353	-3.03770
SHPDSB	51.50528	-0.21765
SHPE	54.74331	-2.00326
SHPLAKE	51.51146	-0.88260
SHPRTH	52.11416	0.03132
SHPY	53.83305	-1.77349
SHRBROK	53.20424	-1.20244
SHRDHST	51.52337	-0.07525
SHRGHAM	52.94143	1.21032
SHRHMBS	50.83443	-0.27172
SHRKSKS	53.32477	-1.16799
SHRMKT	51.33222	0.18889
SHRNSOS	51.44106	0.75853
SHRTLND	51.40580	0.00178
SHRWBY	52.71193	-2.74976
SHTLSTN	55.85354	-4.16004
SHTT	55.81865	-3.79832
SHVN	56.96682	-2.22530
SHWFAIR	55.91994	-3.07871
SHWLNDS	55.82921	-4.29234
SIDCUP	51.43387	0.10379
SILCRFT	54.22596	-3.33444
SILEBY	52.73159	-1.10999
SINGER	55.90767	-4.40549
SIVRST	51.61469	-0.06724
SKEGNES	53.14318	0.33435
SKENTON	51.57021	-0.30846
SKEWEN	51.66139	-3.84651
SKPT	53.95869	-2.02587
SKSCMN	53.53492	-1.56348
SLADEGN	51.46778	0.19049
SLATEFD	55.92669	-3.24346
SLCT	55.63388	-4.78429
SLEFD	52.99547	-0.41035
SLEGHTS	54.46105	-0.66248
SLEHOPE	51.51436	0.42304
SLFDCT	53.48659	-2.27575
SLFDORD	53.48308	-2.25484
SLOUGH	51.51188	-0.59151
SLSBRY	51.07055	-1.80639
SLSBY5B	51.07055	-1.80639
SLSBY6B	51.07055	-1.80639
SLTHWTE	53.62383	-1.88158
SLTMRSH	53.72192	-0.80949
SMALBRK	50.71110	-1.15420
SMARGRT	51.78784	0.00127
SMBG	53.63325	-2.11350
SMERTON	51.40299	-0.20516
SMILFD	53.78232	-1.25053
SMINSTR	51.66062	0.83519
SMLHTH	52.46376	-1.85939
SMRLYTN	52.51023	1.65226
SMTHKRS	52.49638	-1.97064
SNAITH	53.69311	-1.02846
SNDHRST	51.34693	-0.80459
SNDOWN	50.65687	-1.16239
SNDP	51.41378	0.02145
SNDRLND	54.90534	-1.38230
SNDRMNK	54.91144	-1.38380
SNDWDUD	52.50866	-2.01160
SNDY	52.12473	-0.28119
SNGT	51.01997	0.36387
SNODLND	51.33023	0.44824
SNTJ	54.97430	-1.62080
SNWDNAN	51.21530	1.21371
SOAV	52.19425	-1.71629
SOAVPWY	52.20678	-1.73084
SOLEST	51.38314	0.37810
SOLIHUL	52.41439	-1.78839
SOTNTQ	50.89515	-1.40583
SOTON	50.90745	-1.41360
SOTONB	50.90745	-1.41360
SOTPKWY	50.95081	-1.36310
SOUTHPT	53.64652	-3.00243
SPALDNG	52.78880	-0.15688
SPDN	52.91222	-1.41109
SPEANBD	56.89001	-4.92161
SPFD	56.29497	-3.05245
SPHL	52.43021	0.41335
SPHS	51.17147	0.55044
SPITAL	53.33994	-2.99391
SPLY	53.58874	-1.70493
SPONRRW	52.53499	1.08648
SPRD	52.44341	-1.83739
SPRNGBN	55.88194	-4.23053
SPTN	51.86565	-1.59269
SQUIRES	53.77733	-3.05030
SRUISLP	51.55692	-0.39926
SSEACLE	50.78533	-1.09999
STAFFRD	52.80389	-2.12204
STAINES	51.43245	-0.50316
STALBCY	51.75047	-0.32754
STALBNA	51.74473	-0.34257
STAMFD	52.64783	-0.48012
STANAIR	51.88859	0.26082
STANMFC	51.90144	0.19978
STANSTD	51.90144	0.19978
STARBCK	53.99900	-1.50113
STAS	53.75303	-3.02910
STAUSTL	50.33951	-4.78936
STAVELY	54.37553	-2.81886
STBDXFR	50.40139	-4.18681
STBDXVR	50.40201	-4.18740
STBEES	54.49253	-3.59115
STCKSFL	54.94705	-1.91676
STCLMBR	50.39870	-4.94076
STCN	57.42273	-5.42861
STCR	51.45133	0.26377
STDENYS	50.92219	-1.38776
STDI	54.91820	-1.38290
STECHFD	52.48482	-1.81103
STEETON	53.90003	-1.94472
STEPPS	55.89014	-4.14081
STERTH	50.17049	-5.44425
STEVNGE	51.90169	-0.20711
STEWRTN	55.68215	-4.51806
STFD	51.54189	-0.00340
STFODOM	51.54483	-0.00878
STFORDI	51.54483	-0.00878
STGRMNS	50.39427	-4.30840
STHALL	51.50595	-0.37861
STHBANK	54.58383	-1.17667
STHCENT	51.53706	0.71173
STHEAIR	51.56867	0.70505
STHGYLE	55.93635	-3.29948
STHH	54.90410	-1.44810
STHLNSC	53.45312	-2.73030
STHLNSJ	53.43372	-2.70026
STHNDE	51.53897	0.73181
STHS	53.67615	-1.40012
STHVIC	51.54151	0.71150
STHWICK	50.83251	-0.23596
STIRLNG	56.11982	-3.93562
STIVES	50.20904	-5.47791
STJAMSP	50.73115	-3.52199
STJMSST	51.58098	-0.03292
STJOHNS	51.46939	-0.02272
STKEYNE	50.42304	-4.46352
STKM	51.78779	-0.78409
STKNWNG	51.56523	-0.07289
STKP	53.40554	-2.16301
STKSMR	53.59409	-1.72325
STLEIGH	51.36340	-0.24867
STLNRWS	50.85569	0.56028
STMCHLS	53.37560	-2.95280
STMFDHL	51.57447	-0.07668
STMGTS	51.45523	-0.32020
STMRYC	51.39475	0.10638
STNBGPK	51.54411	-0.27583
STNEOTS	52.23157	-0.24741
STNGBRN	51.34197	0.73468
STNHPO	51.74589	-2.27950
STNHSE	51.74589	-2.27950
STNLWAT	53.27836	-2.84205
STOCTON	54.56962	-1.31854
STOKEOT	53.00798	-2.18099
STONE	52.90832	-2.15504
STOTNHM	51.58037	-0.07210
STOW	55.69242	-2.86595
STPANCI	51.53251	-0.12646
STPLTNR	51.46751	-2.56622
STPX	51.53251	-0.12646
STPXBOX	51.53251	-0.12646
STRBDG1	52.44754	-2.13388
STRBDGJ	52.44754	-2.13388
STRBDGT	52.45558	-2.14182
STRCROS	50.62780	-3.44770
STRETHM	51.42581	-0.13155
STRHCOM	51.41873	-0.13601
STRHILL	51.43819	-0.12716
STRINES	53.37504	-2.03392
STRMFRY	57.35230	-5.55116
STRNRR	54.90960	-5.02474
STROOD	51.39655	0.50019
STRUD	51.74462	-2.21938
STRWBYH	51.43896	-0.33936
STTNPWY	53.11409	-1.24557
STURRY	51.30107	1.12226
STVNSTN	55.63428	-4.75079
STWMRKT	52.18971	1.00001
STWRTBY	52.06908	-0.52069
STYAL	53.34833	-2.24046
SUDBURY	52.03628	0.73544
SUMRSTN	55.89883	-4.29154
SUNBURY	51.41831	-0.41778
SUNDRTN	51.67590	-0.82547
SUNNGDL	51.39194	-0.63304
SUNYMDS	51.47029	-0.55937
SURBITN	51.39246	-0.30396
SURREYQ	51.49319	-0.04752
SUTCO	52.56494	-1.82484
SUTTON	51.35953	-0.19121
SUTTONC	51.37489	-0.19634
SVNKNGS	51.56402	0.09710
SVNOAKS	51.27686	0.18167
SVRNBCH	51.56003	-2.66448
SWALE	51.38923	0.74713
SWANSEA	51.62514	-3.94155
SWAY	50.78470	-1.61000
SWCH	51.26990	1.34257
SWELL	51.18840	1.22991
SWINTN	53.48624	-1.30582
SWLY	51.39338	0.16923
SWNDRBY	53.16955	-0.70268
SWNSCMB	51.44907	0.30954
SWNSGD	51.44907	0.30954
SWNT	53.51483	-2.33746
SWNWICK	50.87567	-1.26585
SWRBBDG	53.70784	-1.90702
SWSHEAD	52.96980	-0.18717
SWYTHLN	50.94115	-1.37641
SXMNDHM	52.21489	1.49016
SYDENHM	51.42725	-0.05424
SYDNFD	51.43271	-0.08034
SYDNHMH	51.43271	-0.08034
SYONLA	51.48178	-0.32484
SYSTON	52.69421	-1.08240
TABY	54.55927	-1.30141
TACKLEY	51.88124	-1.29754
TADWBUS	51.29164	-0.23596
TADWTH	51.29164	-0.23596
TAFFSWL	51.54080	-3.26294
TAIN	57.81442	-4.05205
TALB	52.77263	-4.09660
TALYCFN	53.22836	-3.81826
TAMEBDG	52.55293	-1.97621
TANY	52.95437	-4.01152
TAPLOW	51.52356	-0.68137
TATNHMC	51.30918	-0.24261
TAUNTON	51.02330	-3.10274
TAYNULT	56.43081	-5.23961
TCULVRT	53.12309	0.19942
TDITTON	51.38910	-0.33915
TEDNGTN	51.42448	-0.33271
TEINMTH	50.54806	-3.49466
TELFRDC	52.68111	-2.44097
TENBY	51.67294	-4.70670
TEYNDVC	51.33339	0.80743
TEYNHAM	51.33339	0.80743
THABBEY	53.65430	-0.32302
THAL	55.76868	-4.25116
THATCHM	51.39384	-1.24319
THBDGS	51.11692	-0.16118
THBLDSG	51.69245	-0.03483
THEALE	51.43345	-1.07497
THELAKS	52.35914	-1.84467
THETFD	52.41912	0.74507
THFORD	50.91057	-2.57899
THHT	53.43658	-2.75937
THIRSK	54.22821	-1.37259
THLB	55.81110	-4.31171
THOK	50.90111	0.61305
THOKLB	50.90111	0.61305
THOPBAY	51.53757	0.76173
THORNEN	53.61606	-0.97233
THORNES	53.60333	-0.95511
THPLESK	51.84763	1.16140
THRGRTN	53.02894	-0.96226
THTH	51.39878	-0.10031
THURSO	58.59018	-3.52755
THUSTON	52.25000	0.80865
TILEH	52.39510	-1.59685
TILHRST	51.47151	-1.02982
TIPTON	52.53044	-2.06570
TIRPHIL	51.72090	-3.24638
TISBURY	51.06085	-2.07900
TIVIPW	50.91718	-3.35964
TLBYTWN	51.46236	0.35404
TLSRNAU	52.90431	-4.06815
TMPCMB	51.00150	-2.41772
TMWTHHL	52.63747	-1.68646
TMWTHLL	52.63747	-1.68646
TNYPNDY	51.61976	-3.44887
TODMRDN	53.71382	-2.09966
TOLWTH	51.37686	-0.27946
TONBDG	51.19141	0.27097
TONDU	51.54736	-3.59555
TONFNAU	52.61354	-4.12370
TONPNTR	51.64780	-3.48619
TOOTING	51.41985	-0.16128
TOPSHAM	50.68621	-3.46442
TORQUAY	50.46113	-3.54328
TORRE	50.47319	-3.54642
TOTNES	50.43586	-3.68869
TOTTON	50.91788	-1.48242
TOWERHL	51.51005	-0.07651
TOWNGRN	53.54281	-2.90449
TRDYRHW	51.71242	-3.34674
TREFRST	51.59146	-3.32512
TREHAFD	51.61015	-3.38097
TREHRBT	51.67224	-3.53630
TREORCY	51.65753	-3.50573
TRFDPK	53.45482	-2.31063
TRFRSTE	51.56829	-3.29025
TRIMLEY	51.97653	1.31954
TRING	51.80074	-0.62244
TRNHMGN	51.49518	-0.25452
TRNO	53.54504	-1.30878
TROON	55.54281	-4.65530
TRURO	50.26384	-5.06481
TRWBRDG	51.31983	-2.21433
TSDARPR	54.51813	-1.42531
TTNHMHL	51.58831	-0.05993
TULLOCH	56.88428	-4.70132
TULSEH	51.43986	-0.10508
TUNWELL	51.13023	0.26281
TURKYST	51.67263	-0.04722
TUTBURY	52.86413	-1.68223
TWCKNHM	51.45003	-0.33039
TWDBANK	55.60574	-2.75953
TWYFORD	51.47553	-0.86329
TYCROES	53.22256	-4.47473
TYGLAS	51.52154	-3.19653
TYGWYN	52.89378	-4.07865
TYNDRML	56.43334	-4.71482
TYNDRMU	56.43466	-4.70372
TYNEMTH	55.01730	-1.42820
TYSL	52.45411	-1.83912
TYWYN	52.58557	-4.09356
UCKFILD	50.96874	0.09638
UDNGSTN	55.82353	-4.08670
UHALIFD	51.41307	-0.43091
ULCEBY	53.61920	-0.30083
ULESKLF	53.85361	-1.21397
ULVRSTN	54.19158	-3.09792
UMBRLGH	50.99675	-3.98289
UNIV	54.90280	-1.39210
UNVRSYB	52.45124	-1.93668
UPHALL	55.91904	-3.50212
UPHOLND	53.52838	-2.74140
UPMNLT	51.55902	0.25091
UPMNSP6	51.55911	0.25088
UPMNSTR	51.55911	0.25088
UPRHLWY	51.56363	-0.12951
UPTON	53.38649	-3.08415
UPWEY	50.64827	-2.46614
URMSTON	53.44827	-2.35380
UTOXETR	52.89679	-1.85725
UWRLNGH	51.30851	-0.07795
VALLEY	53.28128	-4.56337
VAUXHAL	51.48619	-0.12289
VAUXHLM	51.48619	-0.12289
VAUXHLW	51.48619	-0.12289
VICTRIA	51.49526	-0.14456
VICTRIC	51.49526	-0.14456
VICTRIE	51.49526	-0.14456
VRGNWTR	51.40180	-0.56217
WADDON	51.36740	-0.11734
WADHRST	51.07346	0.31317
WAINFLT	53.10512	0.23473
WALAGRD	53.42800	-3.06971
WALASYV	53.42288	-3.06913
WALERTN	53.36912	-2.90696
WALHAMX	51.68506	-0.02656
WALKDEN	53.51977	-2.39632
WALLYFD	55.94028	-3.01495
WALMER	51.20332	1.38287
WALNGTN	51.36038	-0.15083
WALSALL	52.58440	-1.98475
WALTONM	53.45621	-2.96575
WANBRO	51.24452	-0.66759
WANDCMN	51.44618	-0.16339
WAPPING	51.50439	-0.05593
WARE	51.80796	-0.02878
WARGRAV	51.49816	-0.87652
WARHAM	50.69289	-2.11525
WARNHAM	51.09290	-0.32946
WARWICK	52.28654	-1.58185
WARWPWY	52.28610	-1.61206
WATBECH	52.26230	0.19679
WATFDHS	51.65265	-0.39171
WATFDJ	51.66391	-0.39593
WATFDN	51.67570	-0.38993
WATFJDC	51.66391	-0.39593
WATLGTN	52.67317	0.38332
WATONAS	51.85644	-0.11943
WATR	51.50330	-0.11311
WATRLLT	51.50314	-0.11437
WATRLMN	51.50330	-0.11311
WATRLOO	51.50330	-0.11311
WATRLOW	51.50330	-0.11311
WATSTND	53.08331	-1.50409
WAUNGRN	51.48819	-3.22965
WBRMPTN	51.48706	-0.19559
WBYFLET	51.33922	-0.50549
WCALDER	55.85380	-3.56702
WCHAPEL	51.51947	-0.05976
WCHR	52.96806	-2.67170
WCKHMMR	52.15110	1.39868
WCLIFF	51.53733	0.69147
WCOMBEP	51.48420	0.01839
WCROYDN	51.37843	-0.10259
WDEN	53.69626	-2.10446
WDGRNPK	51.54926	0.04442
WDHAMFR	51.64946	0.60651
WDHOUSE	53.36374	-1.35755
WDLESFD	53.75679	-1.44288
WDMNSTR	51.31902	-0.15426
WDND	52.34368	-1.84421
WDNLUL	51.42127	-0.20637
WDNYMNR	52.39593	-1.77437
WDON	51.42127	-0.20637
WDRNGTN	55.24130	-1.61647
WDRYTON	51.51005	-0.47223
WDST	51.58658	-0.00241
WDULCRD	51.44072	-0.09137
WDULWCH	51.44072	-0.09137
WDWTOWN	51.46105	-0.18813
WEALING	51.51350	-0.32013
WEDGWD	52.95105	-2.17082
WEELEY	51.85310	1.11548
WEETON	53.92318	-1.58122
WELHAMG	51.73635	-0.21069
WELLING	51.46480	0.10169
WELNGTN	52.70130	-2.51717
WELSHPL	52.65749	-3.13987
WEMBLSM	51.55441	-0.28561
WEMM	52.85641	-2.71802
WEMYSSB	55.87614	-4.88908
WENDOVR	51.76176	-0.74737
WENHNGR	51.09496	1.03805
WENNGTN	54.12370	-2.58751
WESGTOS	51.38144	1.33836
WEST530	55.90481	-4.33488
WESTRTN	55.90481	-4.33488
WETHERL	54.88384	-2.83171
WEYBDGB	51.36177	-0.45774
WEYBDGE	51.36177	-0.45774
WEYMTH	50.61531	-2.45422
WGSTS	52.58222	-1.13408
WHAILES	55.91432	-3.28434
WHALLEY	53.82402	-2.41225
WHALYBG	53.33023	-1.98465
WHAMHL	51.52849	0.00543
WHCH	51.52075	-3.22325
WHHL	55.93120	-4.65540
WHHRTLA	51.60504	-0.07091
WHIFLET	55.85369	-4.01866
WHIMPLE	50.76803	-3.35432
WHINH	55.93837	-4.74669
WHISTON	53.41387	-2.79643
WHITHVN	54.55303	-3.58693
WHLAND	51.81803	-4.61439
WHLE	52.39183	-1.85154
WHMDSTD	51.54747	-0.19118
WHMPSTM	51.54847	-0.19184
WHORNDN	51.56794	0.34064
WHSTBLE	51.35758	1.03329
WHTBDGE	53.69913	-1.15828
WHTCHRH	51.23754	-1.33775
WHTLSEA	52.54953	-0.11899
WHTTON	51.44961	-0.35768
WHWLL	53.27996	-1.20021
WHYTBUS	51.30338	-0.07692
WHYTELF	51.30996	-0.08115
WHYTLFS	51.30338	-0.07692
WICK	58.44157	-3.09686
WIDNES	53.37849	-2.73354
WIGANNW	53.54366	-2.63327
WIGANWL	53.54482	-2.63319
WIGTON	54.82912	-3.16434
WIKFORD	51.61502	0.51919
WILMCOT	52.22300	-1.75601
WILNECT	52.61071	-1.67971
WIMBLDN	51.42127	-0.20637
WIMLCHS	51.40956	-0.21403
WINCHLS	50.93376	0.70226
WINCNEW	50.93376	0.70226
WINCSEA	50.93376	0.70226
WINDSEC	51.48327	-0.61038
WINERSH	51.43028	-0.87686
WINETGL	51.43674	-0.89133
WISHAW	55.77204	-3.92642
WITHAME	51.80597	0.63913
WITLEY	51.13316	-0.64578
WITTON	52.51238	-1.88443
WIVENHO	51.85653	0.95614
WKFLDKG	53.67866	-1.48857
WKFLDWG	53.68307	-1.50611
WKILBRD	55.69615	-4.85175
WKIRBY	53.37317	-3.18377
WKNT	54.64509	-3.55850
WLDMILL	51.52087	-3.57963
WLDNGHM	51.29016	-0.05187
WLMSL	53.32685	-2.22633
WLNGBRO	52.30378	-0.67665
WLNTNON	52.85364	-1.56336
WLOE	51.50407	-0.10890
WLOO	53.47495	-3.02554
WLSDJHL	51.53249	-0.24455
WLSDLLB	51.53249	-0.24455
WLSDNJL	51.53249	-0.24455
WLSDWLJ	51.53249	-0.24455
WLTHQRD	51.58150	-0.02385
WLTWCEN	51.58292	-0.01982
WLVR	52.06588	-0.80427
WLWYNGC	51.80105	-0.20407
WLWYNN	51.82350	-0.19209
WMALING	51.29202	0.41865
WMBY	51.55232	-0.29643
WMBYDC	51.55232	-0.29643
WMER	54.37960	-2.90339
WMILTON	51.34847	-2.94239
WMOR	53.38647	-2.14209
WMWD	55.79368	-4.29033
WNCFILD	51.28495	-0.90698
WNCHSTR	51.06721	-1.31970
WNDSWRD	51.47021	-0.13852
WNMHILL	51.63394	-0.10090
WNORWOD	51.43175	-0.10383
WNOTLEY	51.83891	0.59586
WNSFD	53.19051	-2.49460
WNSTDPK	51.55169	0.02621
WOBURNS	52.01815	-0.65408
WODBDGE	52.09044	1.31777
WOKING	51.31847	-0.55696
WOKNGHM	51.41122	-0.84254
WOLSTON	50.89892	-1.37706
WOLWCDY	51.49113	0.05464
WOLWCHA	51.48991	0.06919
WOMBWEL	53.51734	-1.41616
WONNAZE	51.84617	1.26767
WONT	51.37293	-0.41464
WOODLEY	53.42925	-2.09327
WOOL	50.68164	-2.22146
WORCSFS	52.19514	-2.22160
WORCSSH	52.19472	-2.20941
WORKSOP	53.31151	-1.12277
WORLE	51.35803	-2.90962
WORSTED	52.77742	1.40408
WORTHNG	50.81850	-0.37617
WOTONWN	52.26690	-1.78470
WRABNES	51.93951	1.17150
WRBLNGT	50.85344	-0.96716
WRCSTRP	51.38125	-0.24517
WRENBRY	53.01939	-2.59595
WRESSLE	53.77292	-0.92435
WREXGUB	53.05023	-3.00244
WREXHMC	53.04619	-2.99905
WREXHMG	53.05023	-3.00244
WRGT	53.39181	-2.59317
WRGTNBQ	53.38601	-2.60236
WRMNSTR	51.20677	-2.17673
WROXHAM	52.71557	1.40800
WRPLSDN	51.28902	-0.58258
WRUISLP	51.56976	-0.43777
WRUNTON	52.93552	1.24546
WRYSBRY	51.45771	-0.54192
WSLE	50.85315	0.53994
WSMARE	51.34432	-2.97166
WSORAER	51.48565	-0.60653
WSTBRYW	51.26698	-2.19918
WSTHOTN	53.55567	-2.52373
WSTRFLD	52.08098	1.16590
WSUTTON	51.36585	-0.20517
WTBY	54.48461	-0.61540
WTCR	55.79032	-4.31016
WTLESFD	52.10359	0.16562
WTRNGBY	51.24973	0.42247
WTRORTN	52.51858	-1.74309
WVLSFLD	50.96429	-0.12079
WVRMPTN	52.58784	-2.11951
WVRTTEC	53.40519	-2.92291
WWICKHM	51.38130	-0.01443
WWODVIL	51.33965	-2.28133
WWRTHNG	50.81835	-0.39299
WYEE	51.18501	0.92930
WYGN	52.54571	-1.83141
WYLAM	54.97497	-1.81406
WYMNDHM	52.56541	1.11803
WYTH	52.37993	-1.86553
YAAM	54.49390	-1.35155
YALDING	51.22648	0.41216
YARMTH	52.61216	1.72089
YATE	51.54060	-2.43252
YATTON	51.39101	-2.82778
YEOFORD	50.77692	-3.72712
YNYSWEN	51.66497	-3.52160
YOKER	55.89259	-4.38629
YOKERCS	55.89259	-4.38629
YORK	53.95796	-1.09318
YORTON	52.80896	-2.73646
YOVILJN	50.92475	-2.61246
YOVILJS	50.92475	-2.61246
YOVILPM	50.94452	-2.61343
YOVILPS	50.94452	-2.61343
YRDLYWD	52.42150	-1.85438
YSTRADM	51.64093	-3.24130
YTMNSTR	50.89576	-2.57376
YTRHOND	51.64364	-3.46668
