ABDAPEN	Penywaun (Bus)
ABDARE	Aberdare
ABDATRE	Trecynon (Bus)
ABDO	Aberdour
ABDVY	Aberdovey
ABER	Aber
ABGLELE	Abergele & Pensarn
ABNGSTR	Abingdon (Bus)
ABRCYNS	Abercynon
ABRDEEN	Aberdeen
ABRE	Abererch
ABRGVNY	Abergavenny
ABRYSTH	Aberystwyth
ABWD	Abbey Wood
ACBG	Acton Bridge
ACHANLT	Achanalt
ACHHSHL	Achnashellach
ACHILCK	Auchinleck
ACHNSHN	Achnasheen
ACKLNGT	Acklington
ACLE	Acle
ACOCKSG	Acocks Green
ACRNGTN	Accrington
ACTNCTL	Acton Central
ACTONML	Acton Main Line
ADERLYP	Adderley Park
ADIEWEL	Addiewell
ADISHAM	Adisham
ADLC	Adlington (Cheshire)
ADLESTN	Addlestone
ADNL	Adlington (Lancashire)
ADWICK	Adwick
AGHTNPH	Aughton Park
AIGBURT	Aigburth
AINSDAL	Ainsdale
AINTREE	Aintree
AIRBLES	Airbles
AIRDRIE	Airdrie
AIRP	Newcastle Airport
ALBNFCL	Albany Park
ALBNHV	Albany Park
ALBNYPK	Albany Park
ALBRGHT	Albrighton
ALDEDGE	Alderley Edge
ALDGEST	Aldgate East
ALDMSTN	Aldermaston
ALDRSHT	Aldershot
ALDRSJN	Aldershot North Junction
ALDTON	Aldrington
ALERTN	Liverpool South Parkway
ALEXNDP	Alexandra Palace
ALFRETN	Alfreton
ALLENSW	Allens West
ALLOA	Alloa
ALNESS	Alness
ALNMOTH	Alnmouth
ALRESFD	Alresford
ALSAGER	Alsager
ALSHAM	Aylesham
ALTHORN	Althorne
ALTNBRC	Altnabreac
ALTON	Alton
ALTPE	Althorpe
ALTRNHM	Altrincham
ALTT	Alton Towers (Bus)
ALVCHRC	Alvechurch
ALXANDR	Alexandria
ALXPD	Alexandra Parade
AMBERGT	Ambergate
AMERSHM	Amersham
AMLY	Amberley
AMMANFD	Ammanford
AMPFLD	Ampfield School (Bus)
ANCASTR	Ancaster
ANDOVER	Andover
ANDRSTN	Anderston
ANERLEY	Anerley
ANGELRD	Angel Road
ANGMRNG	Angmering
ANNAN	Annan
ANSDELL	Ansdell & Fairhaven
ANSL	Anniesland
APBY	Appleby
APDR	Appledore (Kent)
APLYBDG	Appley Bridge
APPLEFD	Appleford
APSLEY	Apsley
ARBROTH	Arbroath
ARCHRAT	Arrochar & Tarbet
ARDGAY	Ardgay
ARDLUI	Ardlui
ARDRSHB	Ardrossan Harbour
ARDRSSB	Ardrossan South Beach
ARDRSTN	Ardrossan Town
ARDWICK	Ardwick
ARGYLST	Argyle Street
ARISAIG	Arisaig
ARLSEY	Arlesey
ARMADLE	Armadale (Bus)
ARMDALE	Armadale
ARMTHWT	Armathwaite
ARNSIDE	Arnside
ARRAM	Arram
ARUNDEL	Arundel
ASCOT	Ascot
ASCTUWD	Ascott-under-Wychwood
ASFDMSX	Ashford (Surrey)
ASFIELD	Ashfield
ASHBRYS	Ashburys
ASHCHRC	Ashchurch for Tewkesbury
ASHD	Ashtead
ASHFKI	Ashford International
ASHFKY	Ashford International
ASHH	Ash
ASHLEY	Ashley
ASHONUL	Ashton-under-Lyne
ASHUBUS	Ashurst
ASHURST	Ashurst
ASHVALE	Ash Vale
ASHWELC	Ashwell & Morden
ASKAM	Askam
ASLCKTN	Aslockton
ASPLEYG	Aspley Guise
ASPTRIA	Aspatria
ASTON	Aston
ATADALE	Attadale
ATHERTN	Atherton
ATHRSTN	Atherstone
ATNBRO	Attenborough
ATTLBON	Attleborough
AUDLEYE	Audley End
AVEBRED	Avebury (Bus)
AVIEMRE	Aviemore
AVIGCMT	Avignon
AVNCLFF	Avoncliff
AVONMTH	Avonmouth
AXMNSSA	Axminster
AXMNSTR	Axminster
AXMNSTS	Axminster
AYLESFD	Aylesford
AYLSBRY	Aylesbury
AYLSPWY	Aylesbury Vale Parkway
AYRR	Ayr
BACHE	Bache
BAGE	Burnage
BAGSHOT	Bagshot
BAILDON	Baildon
BAKECH	Chatsworth House (Bus)
BAKEWEL	Bakewell (Bus)
BALCOMB	Balcombe
BALDOCK	Baldock
BALHAM	Balham
BALISTN	Baillieston
BALLOCH	Balloch
BALMOSS	Balmossie
BAMFORD	Bamford
BANAVIE	Banavie
BANGOR	Bangor (Gwynedd)
BANSBUS	Banstead
BANSTED	Banstead
BARASIE	Barassie
BARELA	Bare Lane
BARGOED	Bargoed
BARKGLT	Barking Underground
BARKING	Barking
BARLSOP	Barlaston Orchard Place (Bus)
BARLSTN	Barlaston
BARMING	Barming
BARNES	Barnes
BAROW	Barrow-in-Furness
BAROWOS	Barrow Upon Soar
BARRY	Barry
BARRYDK	Barry Docks
BARRYIS	Barry Island
BARWHVN	Barrow Haven
BASILDN	Basildon
BATABAL	Bat & Ball
BATHBUS	Bath Bus Station
BATHSPA	Bath Spa
BATLEY	Batley
BATRSPK	Battersea Park
BATTLE	Battle
BAYFORD	Bayford
BCHGRV	Birchgrove
BCKNBUS	Beckenham Junction
BCKNHMH	Beckenham Hill
BCKNHMJ	Beckenham Junction
BCKNMJC	Beckenham Junction
BCKWATR	Blackwater
BCKY	Buckley
BCNGNOS	Birchington-on-Sea
BCNSFLD	Beaconsfield
BCSTBUS	Bicester (Bus)
BCSTN	Bicester North
BCSTRTN	Bicester Village
BCSTSJ	Bicester South Junction
BCWD	Bricket Wood
BDHMNRD	Bedhampton
BDHMPTN	Bedhampton
BDICK	Brodick (Bus)
BDMNSTR	Bedminster
BDSTON	Bidston
BEARLEY	Bearley
BEASDAL	Beasdale
BEAULY	Beauly
BEBNGTN	Bebington
BECCLES	Beccles
BEDFBUS	Bedford (Bus)
BEDFDM	Bedford
BEDWRTH	Bedworth
BEDYN	Bedwyn
BEKSBRN	Bekesbourne
BELM	Belmont
BELNGHM	Bellingham
BELPER	Belper
BELVEDR	Belvedere
BEMPTON	Bempton
BENFLET	Benfleet
BENTMET	Benton (T & W Metro)
BEREALS	Bere Alston
BEREFRS	Bere Ferrers
BERKHMD	Berkhamsted
BERMPRK	Bermuda Park (Nuneaton)
BERRYB	Berry Brow
BERWICK	Berwick (Sussex)
BESCRLA	Bescar Lane
BESJOHN	Bedford St Johns
BESTON	Beeston
BETSYCD	Betws-y-Coed
BEVERLY	Beverley
BEXHILL	Bexhill
BEXLEY	Bexley
BGLAN	Baglan
BGOALAN	Bridge of Allan
BGRN	Barnt Green
BHAMAIR	Birmingham Airpot (Bus)
BHAMINT	Birmingham International
BHAMJEW	Jewellery Quarter
BHAMMRS	Birmingham Moor Street
BHAMNEC	Birmingham NEC (Bus)
BHAMNWS	Birmingham New Street
BHAMSNH	Birmingham Snow Hill
BHILLPK	Bush Hill Park
BICKLEY	Bickley
BIGLSWD	Biggleswade
BILBROK	Bilbrook
BILERCY	Billericay
BILSHST	Billingshurst
BINGHAM	Bingham
BIRCHWD	Birchwood
BIRKBCK	Birkbeck
BISHPTN	Bishopton
BISLND	Burntisland
BITERNE	Bitterne
BKDLE	Birkdale
BKHLS	Brockholes
BKNELL	Bucknell
BKNHRST	Brockenhurst
BKSWELL	Berkswell
BLAENAU	Blaenau Ffestiniog
BLAIRHL	Blairhill
BLAKEDN	Blakedown
BLANTYR	Blantyre
BLARATH	Blair Atholl
BLAYDON	Blaydon
BLCHSRD	Blackhorse Road
BLCKPB	Blackpool Pleasure Beach
BLCKPLN	Blackpool North
BLCKS	Blackpool South
BLEASBY	Bleasby
BLFR	London Blackfriars
BLFSTDQ	Belfast Donegall Quay (Bus)
BLFSTPT	Belfast Port
BLGRVE	Bellgrove
BLIEURD	Beaulieu Road
BLKB	Blackburn
BLKHTH	Blackheath
BLKRDGE	Blackridge
BLKST	Blake Street
BLLVUE	Belle Vue
BLNDLAC	Blundellsands & Crosby
BLNGHM	Billingham
BLOXN	Bloxwich North
BLOXWCH	Bloxwich
BLRD	Blackrod
BLSHL	Bellshill
BLTCHLY	Bletchley
BLTNODR	Bolton-on-Dearne
BLTRNAB	Beltring
BLYBDGE	Blythe Bridge
BMBRBDG	Bamber Bridge
BMHL	Bramhall
BMLY	Bramley (Hampshire)
BNBR	Banbury
BNDON	Brandon
BNGY	Bingley
BNHAM	Burnham
BNHL	Barnhill
BNKHALL	Bank Hall
BNRHYDN	Ben Rhydding
BNSBDGE	Barnes Bridge
BNSD	Burneside
BNSLY	Barnsley
BNTBY	Barnetby
BNTEY	Bentley (Hampshire)
BNTFORD	Brentford
BNTHAM	Bentham
BNWK	Brunswick
BOATOFG	Boat of Garten Post Off (Bus)
BODMNMF	Bodmin TSB Bank (Bus)
BODMNPW	Bodmin Parkway
BODMTSB	Bodmin TSB Bank (Bus)
BODORGN	Bodorgan
BOGNORR	Bognor Regis
BOGSTON	Bogston
BOLTON	Bolton
BOMO	Bournemouth
BOMOHAP	Bournemouth Hurn Airport (Bus)
BOOKHAM	Bookham
BOORCHY	Bridge of Orchy
BOOTLE	Bootle
BOOTLNS	Bootle New Strand
BOOTLOR	Bootle Oriel Road
BORDON	Bordon Camp (Bus)
BORGSTM	Bourg St Maurice
BORMRKJ	Borough Market Junction
BORNEND	Bourne End
BORTH	Borth
BORWGAW	Borough Green & Wrotham
BOSHAM	Bosham
BOSTON	Boston
BOTESFD	Bottesford
BOTLEY	Botley
BOURNVL	Bournville
BOWBRKH	Bow Brickhill
BOWESPK	Bowes Park
BOWLING	Bowling
BOXHAWH	Boxhill & Westhumble
BOXHBUS	Boxhill & Westhumble
BRACKNL	Bracknell
BRADFS	Bradford Forster Square
BRADIN	Bradford Interchange
BRAINFP	Braintree Freeport
BRAINTR	Braintree
BRAMPTN	Brampton (Suffolk)
BRANKSM	Branksome
BRBCNLT	Barbican Underground
BRBM	Broadbottom
BRBY	Brondesbury
BRBYPK	Brondesbury Park
BRDFDOA	Bradford-on-Avon
BRDGWTR	Bridgwater
BRDING	Brading
BRDLNGT	Bridlington
BRDNML	Bardon Mill
BRDS	Bordesley
BREDBRY	Bredbury
BREICH	Breich
BRFRY	Broughty Ferry
BRFT	Broomfleet
BRGDDIE	Bargeddie
BRGEND	Bridgend
BRGG	Brigg
BRGHBUS	London Road (Brighton)
BRGHLRD	London Road (Brighton)
BRGHTN	Brighton
BRHD	Barrhead
BRHM	Barnham
BRHOUSE	Brighouse
BRIDGTN	Bridgeton
BRIERFL	Brierfield
BRIMSDN	Brimsdown
BRITFRY	Briton Ferry
BRITHDR	Brithdir
BRIXTON	Brixton
BRKMNPK	Brookmans Park
BRKNCPK	Conway Park
BRKNHDC	Birkenhead Central
BRKNHDN	Birkenhead North
BRKNHDP	Birkenhead Park
BRKNIOM	Birkenhead 12 Quays
BRKWOOD	Brookwood
BRLANDS	Berrylands
BRLEYPK	Burley Park
BRMB	Bromborough
BRMBRK	Bromborough Rake
BRMCRSS	Bromley Cross
BRMLYSR	Bramley (West Yorkshire)
BRMOUTH	Barmouth
BRMPTNC	Brampton (Cumbria)
BRMSGRV	Bromsgrove
BRNAMKT	Burnham Market (Bus)
BRNCHTN	Branchton
BRNGTN	Brinnington
BRNHRST	Barnehurst
BRNMONC	Burnham-on-Crouch
BRNSTLT	Barons Court Underground
BRNSTPL	Barnstaple
BRNYARM	Berney Arms
BROADGR	Broad Green
BROCKLY	Brockley
BROMLYN	Bromley North
BROMLYS	Bromley South
BROOME	Broome
BRORA	Brora
BROUGH	Brough
BROXBRN	Broxbourne
BRRHL	Barrhill
BRRYLNK	Barry Links
BRSCGHB	Burscough Bridge
BRSCGHJ	Burscough Junction
BRSDE	Burnside
BRSR	Broadstairs
BRSTAIR	Bristol Intl Airport (Bus)
BRSTLTM	Bristol Temple Meads
BRSTPWY	Bristol Parkway
BRSTSTA	Bristol Temple Gate (Bus)
BRTHMBR	Barton-on-Humber
BRTJYC	Burton Joyce
BRTWOOD	Brentwood
BRUCGRV	Bruce Grove
BRUNDAL	Brundall
BRUNDLG	Brundall Gardens
BRUSTAN	Brunstane
BRUTON	Bruton
BRUXMID	Brussels Midi
BRWCGAL	Galashiels (Bus)
BRWCKUT	Berwick-upon-Tweed
BRWHINS	Brockley Whins (T & W Metro)
BRYN	Bryn
BRYSTNS	Braystones
BSAUKLD	Bishop Auckland
BSCTSTA	Bescot Stadium
BSDN	Bearsden
BSHB	Bishopbriggs
BSHPSFD	Bishops Stortford
BSNGSEB	Basingstoke
BSNGSTK	Basingstoke
BSPSHIT	Bishops Lydeard (Bus)
BSPSLYD	Bishops Lydeard
BSSN	Bishopstone
BSSNBUS	Bishopstone
BSTD	Bearsted
BSTEDMS	Bury St Edmunds
BTCHBUS	Betchworth
BTCHWTH	Betchworth
BTHGATE	Bathgate
BTHNLGR	Bethnal Green
BTLRSLA	Butlers Lane
BTLSBDG	Battlesbridge
BTLYSY	Bentley (South Yorkshire)
BTRSBY	Battersby
BUCKNHM	Buckenham
BUCVBUS	Buckingham (Bus)
BUDESTD	Bude Strand (Bus)
BUGLE	Bugle
BUILTHR	Builth Road
BULWELL	Bulwell
BURES	Bures
BURGESH	Burgess Hill
BURLYIW	Burley-in-Wharfedale
BURNLYB	Burnley Barracks
BURNLYC	Burnley Central
BURNMR	Burnley Manchester Road
BURSLDN	Bursledon
BURTNOT	Burton-on-Trent
BURY	Bury Metrolink (Bus)
BUSBY	Busby
BUSHEY	Bushey
BUSHYDC	Bushey
BUXTMP	Buxton (Bus)
BUXTON	Buxton
BXLYHTH	Bexleyheath
BXTD	Buxted
BYFLANH	Byfleet & New Haw
BYNEA	Bynea
CADOXTN	Cadoxton
CAERGWL	Caergwrle
CAEUPK	Caerau Park (Bus)
CAEUSQU	Caerau Square (Bus)
CALAFGV	Calais Frethun
CALLNRD	Callington (Bus)
CALNSTR	Calne (Bus)
CALSTCK	Calstock
CAMBDGE	Cambridge
CAMELON	Camelon
CAMHTH	Cambridge Heath
CAMVBUS	Cambridge (Bus)
CANLEY	Canley
CANNA	Canna (Bus)
CANONST	London Cannon Street
CARBISB	Carbis Bay
CARDFBR	Cardiff Bay
CARDFQS	Cardiff Queen Street
CARFIN	Carfin
CARK	Cark
CARLILE	Carlisle
CARLLRJ	Carlisle London Road Junction
CARMYLE	Carmyle
CARRBDG	Carrbridge
CARSWS	Caersws
CASTLFD	Castleford
CATERHM	Caterham
CATFBDG	Catford Bridge
CATFORD	Catford
CATHAYS	Cathays
CATTAL	Cattal
CAUSLND	Causeland
CBARPAR	Castle Bar Park
CBAY	Colwyn Bay
CBGH	Crowborough
CBHMSDA	Cobham & Stoke d'Abernon
CBORNE	Camborne
CBRK	Cranbrook (Devon)
CCARY	Castle Cary
CCRT	Cathcart
CDCOT	Caldicot
CDND	Cardenden
CDNL	Cardonald
CDRS	Cardross
CEFNYBD	Cefn-y-Bedd
CFFT	Croftfoot
CFLATTS	Crossflatts
CFPK	Crofton Park
CHADHDD	Chafford Hundred
CHAPLTN	Chapleton
CHARTHM	Chartham
CHASNRD	Chassen Road
CHATHAM	Chatham
CHBURY	Charlbury
CHCHSTR	Chichester
CHDH	Cheadle Hulme
CHDNGTN	Cheddington
CHDWLHT	Chadwell Heath
CHEAM	Cheam
CHEF	Chapel-en-le-Frith
CHELFD	Chelford
CHEPSTW	Chepstow
CHESHNT	Cheshunt
CHETNOL	Chetnole
CHFD	Chesterfield
CHFN	Church Fenton
CHHL	Chathill
CHINGFD	Chingford
CHIPCOK	Chippenham Bath Road (Bus)
CHIPNEW	Chippenham New Road (Bus)
CHIPNHM	Chippenham
CHIRK	Chirk
CHISWCK	Chiswick
CHLFNAL	Chalfont & Latimer
CHLKWEL	Chalkwell
CHLMSFD	Chelmsford
CHLSFLD	Chelsfield
CHLTNHM	Cheltenham Spa
CHLWTH	Chilworth
CHNLY	Chinley
CHNOBUS	Chipping Norton West St (Bus)
CHNRLOW	Chinnor (Bus)
CHNRRED	Chinnor (Bus)
CHOLSEY	Cholsey
CHORBUK	Buckshaw Parkway
CHORLEY	Chorley
CHOS	Church & Oswaldtwistle
CHPLTWN	Chapeltown
CHPWKSC	Chappel & Wakes Colne
CHRISTC	Christchurch
CHRNGXG	Charing Cross (Glasgow)
CHRSBUS	Christs Hospital
CHRSTSH	Christs Hospital
CHRW	Chorleywood
CHRX	London Charing Cross
CHSD	Chipstead
CHSLHRS	Chislehurst
CHSRD	Chester Road
CHSSN	Chessington North
CHSSS	Chessington South
CHST	Chester
CHSW	Chestfield & Swalecliffe
CHTLRT	Chatelherault
CHTR	Cherry Tree
CHTSEY	Chertsey
CILMERY	Cilmeri
CIVI	Park Lane (Bus)
CKHL	Corkerhill
CLACTON	Clacton-on-Sea
CLANDON	Clandon
CLAPTON	Clapton
CLARBRD	Clarbeston Road
CLAVRDN	Claverdon
CLCHHYT	Hythe
CLCHRTN	Colchester Town
CLCHSTR	Colchester
CLDNNRB	Caledonian Rd & Barnsbury
CLDRCRX	Caldercruix
CLELAND	Cleland
CLFDOWN	Clifton Down
CLHM	Collingham
CLITHRO	Clitheroe
CLMN	Chilham
CLOCKHS	Clock House
CLPHHS	Clapham High Street
CLPHMJ1	Clapham Junction
CLPHMJ2	Clapham Junction
CLPHMJC	Clapham Junction
CLPHMJM	Clapham Junction
CLPHMJN	Clapham Junction
CLPHMJW	Clapham Junction
CLPM	Clapham (North Yorkshire)
CLRKSTN	Clarkston
CLST	Chester-le-Street
CLTHRPS	Cleethorpes
CLTN	Clifton
CLWALL	Colwall
CLYBANK	Clydebank
CLYGATE	Claygate
CLYNDRW	Clunderwen
CMBH	Cwmbach
CMBLEY	Camberley
CMBRNLD	Cumbernauld
CMBSLNG	Cambuslang
CMDNRD	Camden Road
CMER	Cromer
CMTHN	Carmarthen
CNCK	Cannock
CNDAW	Canada Water
CNNB	Canonbury
CNNBELL	Canonbury
CNRYNP	Cairnyan Port
CNST	Carnoustie
CNTBE	Canterbury East
CNTBW	Canterbury West
CNTLEY	Cantley
CNTY	Carntyne
COATBDC	Coatbridge Central
COATBDS	Coatbridge Sunnyside
COATDYK	Coatdyke
CODNBCH	Cooden Beach
CODSALL	Codsall
COGAN	Cogan
COKSBDG	Cooksbridge
COLESHL	Coleshill Parkway
COLL	Coll (Bus)
COLNE	Colne
COLONSY	Colonsay (Bus)
COLSDNS	Coulsdon South
COLSTWN	Coulsdon Town
COMBE	Combe
COMONDL	Commondale
CONBRGH	Conisbrough
CONGLTN	Congleton
CONNELF	Connel Ferry
CONONBR	Conon Bridge
CONONLY	Cononley
CONWY	Conwy
COOKHAM	Cookham
COOMBE	Coombe Junction Halt
COPLSTN	Copplestone
CORBY	Corby
CORPACH	Corpach
CORROUR	Corrour
CORSNEW	Corsham (Bus)
CORYTON	Coryton
COSELEY	Coseley
COSFORD	Cosford
COSHAM	Cosham
COTNGLY	Cottingley
COVAREN	Coventry Arena
COVNNY	Coventry
COVNTRY	Coventry
COWDBUS	Cowden
COWDEN	Cowden
CPNHRST	Capenhurst
CRADLYH	Cradley Heath
CRAVENA	Craven Arms
CRAWLEY	Crawley
CRBG	Corbridge
CRCK	Corkickle
CRDFAIR	Cardiff Intl Airport (Bus)
CRDFBUS	Cardiff Central Bus Stn
CRDFCEN	Cardiff Central
CREDITN	Crediton
CRESING	Cressing
CREWE	Crewe
CRFD	Crayford
CRGDRN	Craigendoran
CRGURE	Craignure, Mull (Bus)
CRHL	Crews Hill
CRICCTH	Criccieth
CRKLWD	Cricklewood
CRKRN	Crewkerne
CRLK	Carluke
CRLN	Charlton
CRMLNGT	Cramlington
CRMRSEJ	Camelon
CRNF	Carnforth
CRNFUGL	Carnforth D&U.G.L.
CRNG	Charing
CRNLRCH	Crianlarich
CROKSTN	Crookston
CROMFD	Cromford
CROSSHL	Crosshill
CROT	Croston
CROUCHH	Crouch Hill
CROWLE	Crowle
CROY	Croy
CRPHLY	Caerphilly
CRPNDPK	Carpenders Park
CRSHLTB	Carshalton Beeches
CRSHLTN	Carshalton
CRSKEYS	Crosskeys
CRSMYLF	Crossmyloof
CRSNGTN	Cressington
CRSTRS	Carstairs
CRTN	Carlton
CRTSDYK	Cartsdyke
CRWHRST	Crowhurst
CRWLL	Creswell
CRWTHRN	Crowthorne
CRXLEY	Croxley Underground
CRYSTLP	Crystal Palace
CSBY	Castlebay, Barra (Bus)
CSEAH	Imperial Wharf
CSFD	Chandlers Ford
CSGT	Cross Gates
CSTL	Castleton
CSTR	Church Stretton
CTMSLNK	City Thameslink
CTNG	Collington
CTNM	Castleton Moor
CTTGHM	Cottingham
CUDNGTN	Cuddington
CUFFLEY	Cuffley
CULHAM	Culham
CULLMKH	Cullompton (Bus)
CULRAIN	Culrain
CUMBRAE	Cumbrae Slip (Bus)
CUPAR	Cupar
CURRIEH	Curriehill
CWDNBTH	Cowdenbeath
CWLRSNJ	Glasgow Queen Street
CWMBRAN	Cwmbran
CXTN	Cuxton
CYNGHRD	Cynghordy
DAISYH	Daisy Hill
DALGETY	Dalgety Bay
DALMUIR	Dalmuir
DALRY	Dalry
DALS	Dalston Junction
DALSKLD	Dalston Kingsland
DALSTON	Dalston
DALTON	Dalton
DALWHIN	Dalwhinnie
DANBY	Danby
DANESCT	Danescourt
DANZEY	Danzey
DARNALL	Darnall
DARSHAM	Darsham
DARTFD	Dartford
DARWEN	Darwen
DATCHET	Datchet
DAVNPRT	Davenport
DAWLISH	Dawlish
DAWLSHW	Dawlish Warren
DAWSHLM	Kelvindale
DEAL	Deal
DEAN	Dean
DEGANWY	Deganwy
DEIGHTN	Deighton
DELAMER	Delamere
DENHAM	Denham
DENHMGC	Denham Golf Club
DENMRKH	Denmark Hill
DENT	Dent
DEPDENE	Dorking Deepdene
DEPTFD	Deptford
DERBYRD	Derby Road
DERKER	Derker
DEVIZES	Devizes (Bus)
DEVNPRT	Devonport
DGLROAD	Dingle Road
DGNHELT	Dagenham East Underground
DGNHMDC	Dagenham Dock
DIDCOTP	Didcot Parkway
DIGBY	Digby & Sowton
DILTONM	Dilton Marsh
DINASP	Dinas Powys
DINASR	Dinas Rhondda
DINGWAL	Dingwall
DINSDAL	Dinsdale
DISLEY	Disley
DISS	Diss
DLMALLY	Dalmally
DLMRNOK	Dalmarnock
DLMY	Dalmeny
DLMYJN	Dalmeny
DLREOCH	Dalreoch
DLTN	Darlington
DLTNCGK	Catterick Garrison (Bus)
DLTNCGP	Catterick Camp Centre (Bus)
DLTNCGT	Catterick Garrison Tesco (Bus)
DLTNRIM	Richmond, Nth Yorks (Bus)
DLTNTVA	Tees Valley Airport (Bus)
DLWYDLN	Dolwyddelan
DMBRTNC	Dumbarton Central
DMBRTNE	Dumbarton East
DMTHKWR	Kingswear
DNDL	Denby Dale
DNFRMLE	Dunfermline Town
DNFRMQM	Dunfermline Queen Margaret
DNLP	Dunlop
DNROBIN	Dunrobin Castle
DNSN	Dunston
DNSR	Dunster (Bus)
DNSRSTP	Dunster (Bus)
DNTG	Dinting
DNTON	Denton
DOCKYDP	Dockyard
DODWRTH	Dodworth
DOLAU	Dolau
DOLEHAM	Doleham
DOLGARG	Dolgarrog
DONC	Doncaster
DONCBRN	Barnsley (Bus)
DONCDSR	Darfield (Bus)
DONCGPS	Goldthorpe (Bus)
DONCNBS	Doncaster North Bus Stn
DONCRHA	Robin Hood Airport (Bus)
DORE	Dore
DORIDGE	Dorridge
DORKING	Dorking
DORMANS	Dormans
DOUGLAS	Douglas (Isle of Man)
DOVERP	Dover Priory
DOVRCRT	Dovercourt
DOVYJN	Dovey Junction
DOWNHAM	Downham Market
DRAYGRN	Drayton Green
DRBY	Derby
DRCHS	Dorchester South
DRCHW	Dorchester West
DREMJ	Drem
DRHM	Durham
DRIFILD	Driffield
DRIGG	Drigg
DRKGW	Dorking West
DRMCHPL	Drumchapel
DRMFCHR	Drumfrochar
DRMGLCH	Drumgelloch
DRNGTOS	Durrington-on-Sea
DRONFLD	Dronfield
DRTMPON	Dartmouth (Bus)
DRTN	Darton
DRTWCHS	Droitwich Spa
DRUMRY	Drumry
DRYP	Drayton Park
DTNG	Dunton Green
DUBLFST	Dublin Port (Stena)
DUBLINF	Dublin Ferryport
DUDESTN	Duddeston
DUDLPT	Dudley Port
DUFIELD	Duffield
DUIRNSH	Duirinish
DUKEST	Duke Street
DULNGHM	Dullingham
DUMBRCK	Dumbreck
DUMFRES	Dumfries
DUMPTNP	Dumpton Park
DUNANE	Dunblane
DUNBAR	Dunbar
DUNCRAG	Duncraig
DUNDETB	Dundee
DUNKELD	Dunkeld & Birnam
DUNLGHR	Dun Laoghaire
DUNOON	Dunoon (Bus)
DUNS	Duns (Bus)
DUNT	Dunstable (Bus)
DURSLEY	Cam & Dursley
DVHL	Dove Holes
DWBY	Dewsbury
DYCE	Dyce
DYFRYNA	Dyffryn Ardudwy
EALINGB	Ealing Broadway
EALINGC	Ealing Broadway
EARLSWD	Earlswood (Surrey)
EASTBRK	Eastbrook
EBOLDON	East Boldon (T & W Metro)
EBOURNE	Eastbourne
EBSFDOM	Ebbsfleet International
EBSFLTI	Ebbsfleet International
EBWVPWY	Ebbw Vale Parkway
EBWVTN	Ebbw Vale Town
ECCLES	Eccles
ECLR	Eccles Road
ECPK	Eccleston Park
ECROYDN	East Croydon
EDALE	Edale
EDGH	Edge Hill
EDIDBRY	East Didsbury
EDINBUR	Edinburgh
EDINBUS	Edinburgh Bus Station
EDINPRK	Edinburgh Park
EDMNGRN	Edmonton Green
EDNB	Edenbridge
EDNT	Edenbridge Town
EDPK	Eden Park
EDULWCH	East Dulwich
EFARLGH	East Farleigh
EFNGHMJ	Effingham Junction
EGGESFD	Eggesford
EGHAM	Egham
EGLSCLF	Eaglescliffe
EGRFRTH	East Garforth
EGRNSTD	East Grinstead
EGTON	Egton
EIGG	Eigg (Bus)
EKILBRD	East Kilbride
ELCT	Earl's Court Underground
ELGH	Eastleigh
ELGIN	Elgin
ELMERSE	Elmers End
ELMSWEL	Elmswell
ELMW	Elmstead Woods
ELPHNAC	Elephant & Castle
ELSC	Elsecar
ELSENHM	Elsenham
ELSMPRT	Ellesmere Port
ELSN	Earlston, Borders (Bus)
ELTHAM	Eltham
ELTON	Elton & Orston
ELTR	Elstree & Borehamwood
ELWD	Earlswood (West Midlands)
ELYY	Ely
EMALING	East Malling
EMPKAIR	East Midlands Airport (Bus)
EMPKWAY	East Midlands Parkway
EMRSPKH	Emerson Park
EMSWTH	Emsworth
ENFC	Enfield Chase
ENFLDLK	Enfield Lock
ENFLDTN	Enfield Town
ENTWISL	Entwistle
EPHT	Elephant & Castle Underground
EPSDNS	Epsom Downs
EPSM	Epsom
EPUTNEY	East Putney
ERDNGTN	Erdington
ERGNCHP	Energlyn & Churchill Park
ERIDBUS	Eridge
ERIDGE	Eridge
ERITH	Erith
ERLFLD	Earlsfield
ERLSTWN	Earlestown
ERLY	Earley
ESHER	Esher
ESHS	Easterhouse
ESKBANK	Eskbank
ESSEXRD	Essex Road
ESTFLDS	Mitcham Eastfields
ESTHRAK	Eastham Rake
ESTRNGT	Eastrington
ETCHNGM	Etchingham
ETILBRY	East Tilbury
EUSTON	London Euston
EUXT	Euxton Balshaw Lane
EVESHAM	Evesham
EWELLE	Ewell East
EWELW	Ewell West
EWRTHNG	East Worthing
EXETAIR	Exeter Airport (Bus)
EXETERC	Exeter Central
EXETRSD	Exeter St Davids
EXETRST	Exeter St Thomas
EXHIBTC	Exhibition Centre
EXMOUTH	Exmouth
EXTON	Exton
EYNMSHC	Eynsham Church (Bus)
EYNSFD	Eynsford
FAIRLIE	Fairlie
FALCNWD	Falconwood
FALKRKG	Falkirk Grahamston
FALKRKH	Falkirk High
FALMTHD	Falmouth Docks
FALMTHT	Falmouth Town
FALSWTH	Failsworth
FAMBDGE	North Fambridge
FAMR	Falmer
FAREHAM	Fareham
FARNHAM	Farnham
FAULDHS	Fauldhouse
FAVRSHM	Faversham
FAYGATE	Faygate
FAYGBUS	Faygate
FAZKRLY	Fazakerley
FEARN	Fearn
FELL	Fellgate (T & W Metro)
FELTHAM	Feltham
FENCHRS	London Fenchurch Street
FENITON	Feniton
FERNHIL	Fernhill
FERRIBY	Ferriby
FFAIRFC	Ffairfach
FGDHBR	Fishguard Harbour
FGDHGWK	Fishguard & Goodwick
FILEY	Filey
FILTNEW	Filton Abbey Wood
FINSTCK	Finstock
FISKRTN	Fiskerton
FITZWLM	Fitzwilliam
FIVEWYS	Five Ways
FLEET	Fleet
FLIMBY	Flimby
FLINT	Flint
FLITWCK	Flitwick
FLIXTON	Flixton
FLKSTNC	Folkestone Central
FLKSTNE	Folkestone East
FLKSTNH	Folkestone Harbour (Bus)
FLKSTNW	Folkestone West
FLSCRHN	Falls of Cruachan
FLWRYFD	Flowery Field
FLXSTOW	Felixstowe
FNCHLYR	Finchley Road & Frognal
FNPK	Finsbury Park
FNTLSR	Farringdon Underground
FORD	Ford
FORESTH	Forest Hill
FORMBY	Formby
FORRES	Forres
FORSNRD	Forsinard
FOUROKS	Four Oaks
FOWESHT	Fowey (Bus)
FOXFILD	Foxfield
FOXTON	Foxton
FRANT	Frant
FRATGSA	Fratton
FRATTON	Fratton
FRBN	Fairbourne
FRBRMN	Farnborough (Main)
FRBRNTH	Farnborough North
FRDSHM	Frodsham
FRESHFD	Freshford
FRESVIL	Freshford
FRFD	Fairfield
FRIMLEY	Frimley
FRINTON	Frinton-on-Sea
FRNCMB	Farncombe
FRNDNLT	Farringdon Underground
FRNNGRD	Farningham Road
FRNW	Farnworth
FROME	Frome
FROMPOM	Frome Town (Bus)
FRSHFLD	Freshfield
FRSTGT	Forest Gate
FRTMTLD	Fort Matilda
FRTWLM	Fort William
FRWATER	Fairwater
FRZNGHL	Frizinghall
FSHBBUS	Fishbourne (West Sussex)
FSHBORN	Fishbourne (West Sussex)
FSHRSGT	Fishersgate
FSTR	Fenny Stratford
FTHRSTN	Featherstone
FULWELL	Fulwell
FURNESV	Furness Vale
FURZEP	Furze Platt
FYSD	Ferryside
GALASLS	Galashiels
GALTILL	Smethwick Galton Bridge
GALTINT	Smethwick Galton Bridge
GARFRTH	Garforth
GARROWH	Garrowhill
GARSDLE	Garsdale
GARTH	Garth (Powys)
GARVE	Garve
GARW	Garswood
GATHRST	Gathurst
GATLEY	Gatley
GBGHLRD	Gainsborough Lea Road
GBNK	Greenbank
GBROC	Gainsborough Central
GDLMING	Godalming
GERRDSX	Gerrards Cross
GFLD	Greenfield
GFORD	Greenford
GGLSWCK	Giggleswick
GIDB	Guide Bridge
GIDEAPK	Gidea Park
GIFNOCK	Giffnock
GIPSYH	Gipsy Hill
GIRVAN	Girvan
GLAISDL	Glaisdale
GLASHTN	Glasshoughton
GLAZBRK	Glazebrook
GLBRDYK	Gilberdyke
GLDTHRP	Goldthorpe
GLFCHFR	Gilfach Fargoed
GLGAPT	Glasgow Airport (Bus)
GLGC	Glasgow Central
GLGCLL	Glasgow Central
GLGHST	High Street
GLGN	Glengarnock
GLGQHL	Glasgow Queen Street
GLGQLL	Glasgow Queen Street
GLHM	Gillingham (Dorset)
GLNCNWY	Glan Conwy
GLNEGLS	Gleneagles
GLNFNNN	Glenfinnan
GLNGHMK	Gillingham (Kent)
GLNRTHS	Glenrothes with Thornton
GLOSTER	Gloucester
GLSP	Glossop
GLSTHAL	Glastonbury (Bus)
GLYNDE	Glynde
GNBARWJ	Bugle
GNHT	Greenhithe for Bluewater
GNHTRI	Greenhithe for Bluewater
GNLN	Green Lane
GNRSBRY	Gunnersbury
GNTN	Grangetown
GNWH	Greenwich
GOBOWEN	Gobowen
GODLY	Godley
GODMAYS	Goodmayes
GODSTON	Godstone
GOLFSTR	Golf Street
GOLSPIE	Golspie
GOMSHAL	Gomshall
GOOLE	Goole
GOOSTRY	Goostrey
GORASTR	Goring & Streatley
GORDONH	Gordon Hill
GOREBRG	Gorebridge
GORNGBS	Goring-by-Sea
GORTON	Gorton
GOSPLOK	Gospel Oak
GOUROCK	Gourock
GOURPIE	Gourock Pier (Bus)
GOURSTN	Gourock
GOVS	Grange-over-Sands
GOWERTN	Gowerton
GOXHILL	Goxhill
GRATELY	Grateley
GRAVLYH	Gravelly Hill
GRAYS	Grays
GREENRD	Green Road
GRENCKC	Greenock Central
GRENCKW	Greenock West
GRETGRN	Gretna Green
GRGMASJ	Georgemas Junction
GRGRAVE	Gargrave
GRLCHHD	Garelochhead
GRMSBYD	Grimsby Docks
GRMSBYT	Grimsby Town
GRNDLFD	Grindleford
GRNFLDS	Greenfaulds
GRNGMTH	Grangemouth (Bus)
GROMBDG	Groombridge (Bus)
GROSMNT	Grosmont
GROSNYM	Grosmont
GRPK	Grange Park
GRSTH	Garston (Hertfordshire)
GRTCSH	Gartcosh
GRTHMG	Garth (Mid Glamorgan)
GRVPK	Grove Park
GRVSEND	Gravesend
GRVSFRY	Gravesend Town Pier
GSCD	Garscadden
GTAYTON	Great Ayton
GTBNTLY	Great Bentley
GTCHSFD	Great Chesterford
GTCOATS	Great Coates
GTHLAND	Goathland
GTHM	Grantham
GTMLVRN	Great Malvern
GTMSNDN	Great Missenden
GTSHDMC	Metro Centre
GTWK	Gatwick Airport
GUILDFD	Guildford
GUISELY	Guiseley
GUNISLK	Gunnislake
GUNTON	Gunton
GWRSYLT	Gwersyllt
GYPSYLA	Gypsy Lane
HABRO	Habrough
HACKNYC	Hackney Central
HACKNYW	Hackney Wick
HADFILD	Hadfield
HADISCO	Haddiscoe
HADLYWD	Hadley Wood
HADMATP	Haddenham & Thame Parkway
HAGFOLD	Hag Fold
HAGGERS	Haggerston
HAGLEY	Hagley
HAGT	Harrogate
HAKNYNM	Hackney Downs
HALE	Hale
HALG	Halling
HALLRD	Hall Road
HALSWTH	Halesworth
HALW	Halewood
HAMDLUL	Hammersmith Underground
HAMERTN	Hammerton
HAMLTNC	Hamilton Central
HAMLTNW	Hamilton West
HAMPTON	Hampton
HAMSTED	Hamstead
HAMTSQ	Hamilton Square
HAMWICK	Hampton Wick
HANDBRO	Hanborough
HANWELL	Hanwell
HAPTON	Hapton
HARLSDN	Harlesden
HARMYRS	Hairmyres
HAROOTH	Harrow-on-the-Hill
HARTFD	Hartford
HARWICH	Harwich Town
HASLEMR	Haslemere
HASOCKS	Hassocks
HASTING	Hastings
HATFILD	Hatfield
HATHRSG	Hathersage
HATRSLY	Hattersley
HATTON	Hatton
HAVANT	Havant
HAVENHS	Havenhouse
HAVRFDW	Haverfordwest
HAWARDN	Hawarden
HAWDNBG	Hawarden Bridge
HAWICK	Hawick (Bus)
HAWORTH	Haworth (Bus)
HAYESAH	Hayes & Harlington
HAYLE	Hayle
HAYMRKT	Haymarket
HAYS	Hayes (Kent)
HAZL	Hazel Grove
HBDNBDG	Hebden Bridge
HBRN	Hollingbourne
HBROOMS	High Brooms
HBRTBDG	Hubberts Bridge
HBRY	Hartlebury
HCHP	Holmes Chapel
HCKNGTN	Heckington
HCRT	Hampton Court
HDNS	Hednesford
HDON	Hendon
HDRSFLD	Huddersfield
HEADCRN	Headcorn
HEALING	Healing
HEATHHL	Heath High Level
HEATHLL	Heath Low Level
HEDGEND	Hedge End
HEDNGLY	Headingley
HEDSTNL	Headstone Lane
HELIFLD	Hellifield
HELMSDL	Helmsdale
HELSBY	Helsby
HEMLHMP	Hemel Hempstead
HENGOED	Hengoed
HENLYIA	Henley-in-Arden
HENSALL	Hensall
HEREFRD	Hereford
HERNEH	Herne Hill
HERSHAM	Hersham
HERTFDE	Hertford East
HESSLE	Hessle
HESWALL	Heswall
HEVEBUS	Hever
HEVER	Hever
HEWOMTR	Heworth (T & W Metro)
HEWORTH	Heworth
HEXHAM	Hexham
HEYFORD	Heyford
HEYMST	Heysham Port
HEYSHBR	Heysham Port
HFDN	Hertford North
HFLPEVL	Hatfield Peverel
HGHBRDG	Highbridge & Burnham
HGHI	Highbury & Islington
HGHMSPK	Highams Park
HGHNGTN	Heighington
HIGHBYA	Highbury & Islington
HIGHBYE	Highbury & Islington
HIGM	Higham
HILLSID	Hillside
HILSEA	Hilsea
HINCKLY	Hinckley
HINDLEY	Hindley
HINTONA	Hinton Admiral
HIRWBUS	Hirwaun (Bus)
HITCHIN	Hitchin
HITN	Hightown
HITW	Hall I' Th' Wood
HKBG	Hackbridge
HLDG	Heald Green
HLDNBRO	Hildenborough
HLFT	Hillfoot
HLFX	Halifax
HLGN	Hall Green
HLMW	Holmwood
HLNGTNE	Hillington East
HLNGTNW	Hillington West
HLNSBRC	Helensburgh Central
HLNSBRU	Helensburgh Upper
HLSTCOI	Helston (Bus)
HLSTCUL	Culdrose RNAS (Bus)
HLSTWOO	Helston (Bus)
HLTWHST	Haltwhistle
HLWYRLT	Holloway Road
HLYH	Holyhead
HMBLE	Hamble
HMPDNPK	Hampden Park
HMPHRYP	Humphrey Park
HMPSTDH	Hampstead Heath
HMPTNIA	Hampton-in-Arden
HMST	Ham Street
HMWTHY	Hamworthy
HNCHLYW	Hinchley Wood
HNDFRTH	Handforth
HNDSHWT	The Hawthorns
HNGT	Harrington
HNLYOT	Henley-on-Thames
HNSTNTN	Hunstanton (Bus)
HNTL	Huntly
HNTNGDN	Huntingdon
HOCKLEY	Hockley
HOEKVHL	Hoek Van Holland
HOLINWD	Hollinwood
HOLSCHR	Holsworthy (Bus)
HOLSLIB	Holsworthy (Bus)
HOLTONH	Holton Heath
HOLYTWN	Holytown
HOMRTON	Homerton
HONIT3T	Honiton
HONITNS	Honiton
HONITON	Honiton
HONLEY	Honley
HONROPK	Honor Oak Park
HONYBRN	Honeybourne
HOOK	Hook
HOOTON	Hooton
HOPC	Hope (Flintshire)
HOPD	Hope (Derbyshire)
HOPTONH	Hopton Heath
HORLEY	Horley
HORSHAM	Horsham
HORWICH	Horwich Parkway
HOSCAR	Hoscar
HOUGHGR	Hough Green
HOUNSLW	Hounslow
HOVE	Hove
HOWDEN	Howden
HOWOOD	Howwood
HOWWOOD	How Wood
HOXTON	Hoxton
HOYLAKE	Hoylake
HRGY	Harringay
HRGYGL	Harringay Green Lanes
HRGYSTD	Harringay Green Lanes
HRLC	Harlech
HRLDWOD	Harold Wood
HRLG	Harlington
HRLNGRD	Harling Road
HRLWMIL	Harlow Mill
HRLWTWN	Harlow Town
HRNBPK	Hornbeam Park
HRNEBAY	Herne Bay
HRNSTPL	Turnpike Lane
HRNSY	Hornsey
HROW	Harrow & Wealdstone
HROWDC	Harrow & Wealdstone
HRPNDN	Harpenden
HRSLEY	Horsley
HRSM	Harrietsham
HRSTGRN	Hurst Green
HRTLEPL	Hartlepool
HRTW	Hartwood
HSFT	Horsforth
HSFTLBD	Leeds Bradford Airport (Bus)
HTCHEND	Hatch End
HTCP	Heaton Chapel
HTFLASF	Hatfield & Stainforth
HTHRGRN	Hither Green
HTNCRNS	Hutton Cranswick
HTNRIBL	Horton-in-Ribblesdale
HTRBUS1	Heathrow Airport T1 (Bus)
HTRBUS2	Heathrow Airport T2 (Bus)
HTRBUS3	Heathrow Airport T3 (Bus)
HTRBUS4	Heathrow Airport T4 (Bus)
HTRBUS5	Heathrow Airport T5 (Bus)
HTRW	Heathrow Airport (Bus)
HTRWAPT	Heathrow Airport T123
HTRWCBS	Heathrow Central Bus Stn
HTRWTE4	Heathrow Airport T4 (Bus)
HTRWTM1	Heathrow Airport T1 (Bus)
HTRWTM2	Heathrow Airport T2 (Bus)
HTRWTM3	Heathrow Airport T3 (Bus)
HTRWTM4	Heathrow Airport T4
HTRWTM5	Heathrow Airport T5
HUCKNAL	Hucknall
HULL	Hull
HULLBS	Hull (Bus)
HUNCOAT	Huncoat
HUNGRFD	Hungerford
HUNMNBY	Hunmanby
HUNTSX	Hunts Cross
HURSLEY	Hursley Post Office (Bus)
HUYTON	Huyton
HWKHEAD	Hawkhead
HWRDJN	Westbury
HWYCOMB	High Wycombe
HYDB	Haydon Bridge
HYDEC	Hyde Central
HYDEN	Hyde North
HYDNSRD	Haydons Road
HYKEHAM	Hykeham
HYNDLND	Hyndland
HYTW	Hythe Waterside (Bus)
HYWRDSH	Haywards Heath
IBMM	IBM
IFIELD	Ifield
ILFENBP	Newbury Park Underground
ILFORD	Ilford
ILKES	Ilkeston
ILKLEY	Ilkley
INCE	Ince
INEL	Ince & Elton
INGTSTN	Ingatestone
INSCH	Insch
INVERKP	Inverkip
INVGWRE	Invergowrie
INVRSHN	Invershin
INVURIE	Inverurie
IPSWICH	Ipswich
IRLAM	Irlam
IRVN	Irvine
ISLEWTH	Isleworth
ISLIP	Islip
IVER	Iver
IVRGRD	Invergordon
IVRGRDN	Invergordon
IVRKTHG	Inverkeithing
IVRNESS	Inverness
IVYBDGE	Ivybridge
JAMCOK	James Cook
JAMESST	James Street
JHNSTND	Johnston
JOHNSTN	Johnstone
JORDANH	Jordanhill
KCLD	Kirkcaldy
KDRMNST	Kidderminster
KEARSLY	Kearsley
KEIGHLY	Keighley
KEITH	Keith
KELVEDN	Kelvedon
KEMBLE	Kemble
KEMSING	Kemsing
KENDAL	Kendal
KENISHD	Kennishead
KENNETT	Kennett
KENOLYM	Kensington Olympia
KENR	Kensal Rise
KENSLG	Kensal Green
KENTHOS	Kent House
KESWCOK	Cockermouth (Bus)
KESWICK	Keswick Bus Station
KETR	Kettering
KEWBDGE	Kew Bridge
KEWGRDN	Kew Gardens
KEYHAM	Keyham
KEYNSHM	Keynsham
KGHN	Kinghorn
KGPK	Kings Park
KGSTON	Kingston
KGUSSIE	Kingussie
KGWD	Kingswood
KIDBROK	Kidbrooke
KIDSGRV	Kidsgrove
KIDWELY	Kidwelly
KILDONN	Kildonan
KILGETY	Kilgetty
KILMRNK	Kilmarnock
KILWNNG	Kilwinning
KINBRAC	Kinbrace
KINGHAM	Kingham
KINSSTN	Kings Sutton
KINSVSQ	Kings Sutton
KIRBYX	Kirby Cross
KIRKHAM	Kirkham & Wesham
KKBY	Kirkby
KKSNDAL	Kirk Sandall
KLBRNHR	Kilburn High Road
KLCRGGN	Kilcreggan (Bus)
KLDL	Kildale
KLGL	Kings Langley
KLMAURS	Kilmaurs
KLPTRCK	Kilpatrick
KLYNN	Kings Lynn
KMPSTNH	Kempston Hardwick
KMPTNPK	Kempton Park
KMSLY	Kemsley
KNCKHLT	Knockholt
KNEBWTH	Knebworth
KNGBQUY	Kingsbridge (Bus)
KNGW	Kingsknowe
KNGX	London Kings Cross
KNIGHTN	Knighton
KNLY	Kenley
KNLYBUS	Kenley
KNORTON	Kings Norton
KNRSBGH	Knaresborough
KNSGHST	Kensington High St Underground
KNTBRY	Kintbury
KNTNGLY	Knottingley
KNTSHTN	Kentish Town
KNTSHTW	Kentish Town West
KNUCKLS	Knucklas
KNUTSFD	Knutsford
KNYMPTN	Kings Nympton
KRKBYIF	Kirkby-in-Furness
KRKC	Kirkconnel
KRKDALE	Kirkdale
KRKH	Kirkhill
KRKNWTN	Kirknewton
KRKWOOD	Kirkwood
KRKYCEN	Kirkby in Ashfield
KRTNLND	Kirton Lindsey
KSNY	Kearsney
KSTP	Kirkby Stephen
KTBK	Kents Bank
KTON	Kenton
KVTNBDG	Kiveton Bridge
KVTNPK	Kiveton Park
KYLEAKN	Kyleakin, Skye (Bus)
KYLELSH	Kyle of Lochalsh
LADYBNK	Ladybank
LAINDON	Laindon
LAIRG	Lairg
LAKEIOW	Lake
LAKNHTH	Lakenheath
LAMBH	Gilshochill
LAMPHEY	Lamphey
LANARK	Lanark
LANCSTR	Lancaster
LANDUDJ	Llandudno Junction
LANFRFC	Llanfairfechan
LANGLEY	Langley
LANGTCR	Langley
LAPFORD	Lapford
LAPWRTH	Lapworth
LARBERT	Larbert
LARGS	Largs
LARKHAL	Larkhall
LARNEHB	Larne Harbour (Bus)
LAUNWST	Launceston (Bus)
LAWRNCH	Lawrence Hill
LAYTON	Layton
LAZKRKO	Lazonby & Kirkoswald
LBDR	Llanbedr
LBGHJN	Loughborough Junction
LCEILOB	Loch Eil Outward Bound
LCHALRT	Lochailort
LCHBSDL	Lochboisdale, South Uist (Bus)
LCHC	Lichfield City
LCHESDE	Locheilside
LCHGLLY	Lochgelly
LCHLCHR	Lochluichart
LCHMADY	Lochmaddy, North Uist (Bus)
LCHTTVH	Lichfield Trent Valley
LCHTTVL	Lichfield Trent Valley
LCHWNCH	Lochwinnoch
LCKRBIE	Lockerbie
LDBURY	Ledbury
LDLNGTN	Lidlington
LDYW	Ladywell
LEAGRVE	Leagrave
LEAHALL	Lea Hall
LEALHLM	Lealholm
LEASOWE	Leasowe
LEEDS	Leeds
LEEDSFB	Leeds Festival  (Bus)
LEEE	Lee
LEGR	Lea Green
LEIGBUS	Leigh (Kent)
LEIGHK	Leigh (Kent)
LELANT	Lelant
LELANTS	Lelant Saltings
LENHAM	Lenham
LENZIE	Lenzie
LEOMBUS	Leominster
LEOMNST	Leominster
LESTER	Leicester
LETHRHD	Leatherhead
LEUCHRS	Leuchars
LEWES	Lewes
LEWISHM	Lewisham
LEYLAND	Leyland
LEYTNMR	Leyton Midland Road
LFPW	Llanfairpwll
LGBK	Langbank
LGFD	Longfield
LGHM	Langholm (Bus)
LGHO	Langho
LGML	Langley Mill
LGRN	Langley Green
LGWITH	Langwith-Whaley Thorns
LGWOOD	Lingwood
LHONSEA	Leigh-on-Sea
LHRBHC	Hatton Cross (Bus)
LHRBT1	Heathrow Airport T1 (Bus)
LHRBT2	Heathrow Airport T2 (Bus)
LHRBT3	Heathrow Airport T3 (Bus)
LHRBT4	Heathrow Airport T4 (Bus)
LHVN	Littlehaven
LHVNBUS	Littlehaven
LILBDGE	Lillie Bridge Depot LUL
LILLE	Lille Europe
LIMHSE	Limehouse
LINCLNC	Lincoln Central
LINDFRD	Lindford (Bus)
LINGFLD	Lingfield
LIPHOOK	Liphook
LISKARD	Liskeard
LISMORE	Lismore (Bus)
LISS	Liss
LITLBRO	Littleborough
LIVST	London Liverpool Street
LKWD	Lockwood
LLANDAF	Llandaf
LLBRDCH	Llanbradach
LLBSTRD	Llanbister Road
LLDEILO	Llandeilo
LLDODW	Llandrindod
LLDVERY	Llandovery
LLDYBIE	Llandybie
LLGADOG	Llangadog
LLGMMRW	Llangammarch
LLGNNCH	Llangennech
LLGUNLO	Llangynllo
LLHARAN	Llanharan
LLHLETH	Llanhilleth
LLISHEN	Llanishen
LLNLLI	Llanelli
LLNSMLT	Llansamlet
LLNWTMR	Llantwit Major
LLWRDA	Llanwrda
LLWRTYW	Llanwrtyd
LLWYNYP	Llwynypia
LMNGTNS	Leamington Spa
LMTNPIR	Lymington Pier
LMTNTWN	Lymington Town
LNAB	Llanaber
LNCG	Lancing
LNDC	Llandecwyn
LNDNBDC	London Bridge
LNDNBDE	London Bridge
LNDNBDG	London Bridge
LNDW	Llandanwg
LNDYW	Landywood
LNGBKBY	Long Buckby
LNGCROS	Longcross
LNGEATN	Long Eaton
LNGNDRY	Longniddry
LNGP	Longport
LNLTHGW	Linlithgow
LNRWST	Llanrwst
LNSD	Langside
LNTN	Longton
LOCHAWE	Loch Awe
LOGHBRO	Loughborough
LONB	Longbridge
LONDNBS	Baker Street Underground
LONFLDS	London Fields
LONGBCK	Longbeck
LOOE	Looe
LOSTCKP	Lostock
LOWDHAM	Lowdham
LOWSTFT	Lowestoft
LPRESTN	Long Preston
LRDDEAC	London Road Depot
LRDGFD	London Road (Guildford)
LRNCKRK	Laurencekirk
LSTG	Lostock Gralam
LSTH	Lostock Hall
LSTWTHL	Lostwithiel
LSYDNHM	Lower Sydenham
LTCE	Letchworth Garden City
LTHH	Lisvane & Thornhill
LTLHMPT	Littlehampton
LTLKMBL	Little Kimble
LTLPORT	Littleport
LTLSUTN	Little Sutton
LTNBZRD	Leighton Buzzard
LUDLCST	Ludlow
LUDLOW	Ludlow
LUDO	Llandudno
LUTNAIR	Luton Airport (Bus)
LUTOAPY	Luton Airport Parkway
LUTOBUS	Luton (Bus)
LUTON	Luton
LUXULYN	Luxulyan
LVHM	Levenshulme
LVNSTNN	Livingston North
LVNSTNS	Livingston South
LVRPLCH	Liverpool Central
LVRPLCL	Liverpool Central
LVRPLSG	Liverpool Landing Stage
LVRPLSH	Liverpool Lime Street
LVRPLSL	Liverpool Lime Street
LVRPSPY	Liverpool South Parkway
LWBY	Langwathby
LYDNEY	Lydney
LYEE	Lye
LYMPSTC	Lympstone Commando
LYMPSTN	Lympstone Village
LYNDHRD	Ashurst New Forest
LYNDPKH	Ashurst New Forest
LYNECMP	Lyneham Camp (Bus)
LYNGRIL	Llwyngwril
LYTHAM	Lytham
LYTNSHR	Leytonstone High Road
MACLSFD	Macclesfield
MAESTER	Maesteg (Ewenny Road)
MAESTGW	Maesteg
MAGHULL	Maghull
MALDENM	Malden Manor
MALTON	Malton
MANEA	Manea
MANNGTR	Manningtree
MANOMET	Manors (T & W Metro)
MANORS	Manors
MANRPK	Manor Park
MARBORO	Marlborough (Bus)
MARDEN	Marden
MARGATE	Margate
MARLOW	Marlow
MARNELV	Marne La Vallee
MARPLE	Marple
MARTON	Marton
MARYLBN	London Marylebone
MASH	Mountain Ash
MATLCKB	Matlock Bath
MATLOCK	Matlock
MAXWLPK	Maxwell Park
MAYBOLE	Maybole
MAZEH	Maze Hill
MBRK	Millbrook (Hampshire)
MCHLDVR	Micheldever
MCHYNLT	Machynlleth
MCKLFLD	Micklefield
MDLSBRO	Middlesbrough
MDNHEAD	Maidenhead
MDNNWTN	Maiden Newton
MDWD	Middlewood
MEADWHL	Meadowhall
MELDRTH	Meldreth
MELKMAR	Melksham Market Place (Bus)
MELKSHM	Melksham
MELROSE	Melrose (Bus)
MELS	Meols
MELTON	Melton
MENHENT	Menheniot
MENSTOB	Otley Bus Station
MENSTON	Menston
MEOLSCP	Meols Cop
MEOPHAM	Meopham
MERSTHM	Merstham
MERTBCN	Brecon Square (Bus)
MERTHRV	Merthyr Vale
MERTHYR	Merthyr Tydfil
MEVATRE	Mevagissey (Bus)
MEXBRGH	Mexborough
MFAM	Morfa Mawddach
MFLDTWN	Mansfield
MFLDWSE	Mansfield Woodhouse
MHERON	Martins Heron
MIDGHAM	Midgham
MIDSTHL	Midsomer Norton (Bus)
MILKNPK	Milliken Park
MILNROW	Milnrow
MINEBAN	Minehead Bancks Street (Bus)
MINEBUT	Minehead Butlins (Bus)
MINEHED	Minehead
MINEPAR	Minehead (Bus)
MINFORD	Minffordd
MINMARS	Moreton-in-Marsh
MINSTER	Minster
MIRFILD	Mirfield
MISTLEY	Mistley
MITCHMJ	Mitcham Junction
MKIN	Markinch
MKNSCEN	Milton Keynes Central
MKTR	Market Rasen
MLAIG	Mallaig
MLBRKB	Millbrook (Bedfordshire)
MLDSWTH	Mouldsworth
MLDTHRD	Mauldeth Road
MLFDHVN	Milford Haven
MLFORD	Milford (Surrey)
MLFORLP	Milford (Surrey)
MLGV	Milngavie
MLHB	Mill Hill Broadway
MLHL	Mill Hill (Lancashire)
MLLF	Millfield (T & W Metro)
MLLM	Millom
MLNRYDJ	Sowerby Bridge
MLSECMB	Moulsecoomb
MLSHILL	Mills Hill
MLTNSDG	Melton Mowbray
MLVRNLK	Malvern Link
MMIL	Martin Mill
MNCRDGT	Deansgate
MNCRDLN	Dean Lane
MNCRIAP	Manchester Airport
MNCROXR	Manchester Oxford Road
MNCRPIC	Manchester Piccadilly
MNCRUFG	Manchester United FC
MNCRVIC	Manchester Victoria
MNKRISB	Monks Risborough
MNORBER	Manorbier
MNRD	Manor Road
MNTVRNN	Mount Vernon
MOBERLY	Mobberley
MOCHARD	Morchard Road
MONIFTH	Monifieth
MONPELR	Montpelier
MONTRSE	Montrose
MORAR	Morar
MORCAME	Morecambe
MORDENS	Morden South
MORETON	Moreton (Dorset)
MOREWWR	Moreton (Dorset)
MORFLDS	Moorfields
MORFNL	Moorfields
MORTHRP	Moorthorpe
MOSSLEY	Mossley
MOTFONT	Mottisfont & Dunbridge
MOTHRWL	Motherwell
MOTNGHM	Mottingham
MOTO	Moreton (Merseyside)
MOTSPRP	Motspur Park
MPRT	Maryport
MRCH	March
MRGT	Moorgate
MRKSTEY	Marks Tey
MRKTHRB	Market Harborough
MRLBHST	Marlborough (Bus)
MRLY	Morley
MRPTHRP	Morpeth
MRRYTON	Merryton
MRSD	Moorside
MRSK	Marske
MRSLSTC	Marseille St Charles
MRSN	Marsden
MRSTNGR	Marston Green
MRTECTR	Moretonhampstead (Bus)
MRTLKE	Mortlake
MRYHILL	Maryhill
MRYLAND	Maryland
MSELBGH	Musselburgh
MSGT	Moses Gate
MSLH	Mossley Hill
MSSD	Moss Side
MSSPARK	Mosspark
MSTN	Moston
MSTONEB	Maidstone Barracks
MSTONEE	Maidstone East
MSTONEW	Maidstone West
MTFL	Mount Florida
MTHRNGH	Metheringham
MTIMER	Mortimer
MUCK	Muck (Bus)
MUIREND	Muirend
MUROORD	Muir of Ord
MYTHLMR	Mytholmroyd
NABT	Newton Abbot
NAFERTN	Nafferton
NAILSEA	Nailsea & Backwell
NAIRN	Nairn
NANTWCH	Nantwich
NARBRO	Narborough
NAVGTNR	Navigation Road
NBARNET	New Barnet
NBCKNHM	New Beckenham
NBERWCK	North Berwick
NBRWGE	Newbridge
NBTN	New Brighton
NCRAGHA	Newcraighall
NDULWCH	North Dulwich
NEATH	Neath
NEEDHAM	Needham Market
NEILSTN	Neilston
NESTON	Neston
NETHRTN	Nethertown
NETLEY	Netley
NEWAHYK	Hykeham Crossroads (Bus)
NEWALCN	Lincoln Bus Station
NEWANG	Newark North Gate
NEWASCH	Southwell (Bus)
NEWASWG	Southwell (Bus)
NEWASWN	Swinderby A46 Roundabout (Bus)
NEWBRYR	Newbury Racecourse
NEWBURY	Newbury
NEWCLEE	New Clee
NEWHVNH	Newhaven Harbour
NEWHVNM	Newhaven Marine (Bus)
NEWHVNT	Newhaven Town
NEWLANE	New Lane
NEWMLDN	New Malden
NEWNGTN	Newington
NEWPRTE	Newport (Essex)
NEWQUAY	Newquay
NEWSGAT	New Southgate
NEWXGEL	New Cross Gate
NEWXGTE	New Cross Gate
NHEY	New Hey
NHOL	New Holland
NINIANP	Ninian Park
NITSH	Nitshill
NLANRST	North Llanrwst
NLRTN	Northallerton
NLSN	Nelson
NMBRLPK	Northumberland Park
NMILTON	New Milton
NMPTBAY	Northampton
NMPTN	Northampton
NMPTNNJ	Northampton North Junction
NNTN	Nuneaton
NORBURY	Norbury
NORMNTN	Normanton
NORWDJ	Norwood Junction
NPUD	New Pudsey
NQNSFRY	North Queensferry
NRBERTH	Narberth
NRBITON	Norbiton
NRCH	Norwich
NRMNSBY	Normans Bay
NRTF	Northfield
NRTHCA	Northfleet
NRTHFLT	Northfleet
NSHEEN	North Sheen
NSTCYRE	Newton St Cyres
NTHCAMP	North Camp
NTHOLTP	Northolt Park
NTHRFLD	Netherfield
NTHWICH	Northwich
NTNB	Norton Bridge
NTNBSD	Norton Bridge (Bus)
NTNG	Nottingham
NTNGMJN	Mansfield Junction
NTRD	North Road
NUNHEAD	Nunhead
NUNTHRP	Nunthorpe
NUTBBUS	Nutbourne
NUTBORN	Nutbourne
NUTFBUS	Nutfield Memorial Hall (Bus)
NUTFILD	Nutfield
NWALSHM	North Walsham
NWCMNCK	New Cumnock
NWCOURT	Newcourt
NWCRELL	New Cross
NWCROSS	New Cross
NWCSRC	Regent Centre (Bus)
NWCSTLE	Newcastle
NWCSTLL	Newcastle Central Metro
NWELTHM	New Eltham
NWEMBLY	North Wembley
NWHYTHE	New Hythe
NWMILSC	New Mills Central
NWMILSN	New Mills Newtown
NWMKET	Newmarket
NWPTRTG	Newport (South Wales)
NWRKCAS	Newark Castle
NWSTEAD	Newstead
NWTA	Newton Aycliffe
NWTGRNG	Newtongrange
NWTH	Newton for Hyde
NWTL	Newton
NWTM	Newtonmore
NWTNLW	Newton-le-Willows
NWTOA	Newton-on-Ayr
NWTP	Newtown (Powys)
OAKHAM	Oakham
OAKNGTS	Oakengates
OBAN	Oban
OCKENDN	Ockendon
OCKLYAC	Ockley
OKHMGOP	Okehampton (Bus)
OKHMPTN	Okehampton
OKHMPWS	Okehampton (Bus)
OKLGHPK	Oakleigh Park
OLDFLBR	Oldfield Park
OLDFLDP	Oldfield Park
OLDHAMM	Oldham Mumps
OLDHAMW	Oldham Werneth
OLDROAN	Old Roan
OLDST	Old Street
OLHL	Old Hill
OLTON	Olton
OPOL	Overpool
OREE	Ore
ORELPKH	Orrell Park
ORMSKRK	Ormskirk
ORPNGTN	Orpington
ORRELL	Orrell
OTFORD	Otford
OULTNBN	Oulton Broad North
OULTNBS	Oulton Broad South
OUTWOOD	Outwood
OVTN	Overton
OVTNVPO	Overton
OXENHLM	Oxenholme Lake District
OXFD	Oxford
OXFPWAY	Oxford Parkway
OXHP	Oxenhope
OXSHOTT	Oxshott
OXTED	Oxted
OXTEDBY	Oxted
PADGATE	Padgate
PADTLUL	Paddington (Bakerloo Line)
PADTON	London Paddington
PAIGNTN	Paignton
PALL	Pallion (T & W Metro)
PALMRSG	Palmers Green
PANGBRN	Pangbourne
PANNAL	Pannal
PARBOLD	Parbold
PARISND	Paris Nord
PARR	Par
PARRSTA	Par (Bus)
PARSNST	Parson Street
PARTON	Parton
PATCHWY	Patchway
PATERTN	Patterton
PBRO	Peterborough
PBROBST	Peterborough Queensgate (Bus)
PBROCOR	Corby George Street (Bus)
PBRODMP	Dereham Market Place (Bus)
PBROKET	Kettering (Bus)
PBROKLB	Kings Lynn Bus Station
PBROSTI	Swaffham Tourist Inf Ctr (Bus)
PBROUND	Oundle Market Place (Bus)
PBRT	Pemberton
PCHESTR	Portchester
PCKHMQD	Queens Road Peckham
PCKHMRY	Peckham Rye
PCWLJST	Porthcawl (Bus)
PDSTWBT	Padstow Bus Terminus
PEARTRE	Peartree
PEEBLES	Peebles Bus Stop
PEGSWD	Pegswood
PELAWTW	Pelaw (T & W Metro)
PEMBFTM	Pembroke Dock Ferry Term
PEMBRKD	Pembroke Dock
PEMBROK	Pembroke
PENARTH	Penarth
PENCOED	Pencoed
PENEW	Penge West
PENGAM	Pengam
PENHELG	Penhelig
PENISTN	Penistone
PENMERE	Penmere
PENYCHN	Penychain
PENZNCE	Penzance
PERANWL	Perranwell
PERRBCH	Perranporth (Bus)
PERSHOR	Pershore
PERTH	Perth
PETSWD	Petts Wood
PEWSEY	Pewsey
PHBR	Portsmouth Harbour
PHLD	Priesthill & Darnley
PICDYCR	Piccadilly Circus Underground
PICKLEV	Levisham
PICKRNG	Pickering
PILNING	Pilning
PINHOE	Pinhoe
PITSEA	Pitsea
PKHMRYC	Peckham Rye
PKST	Park Street
PKWD	Paddock Wood
PLASTOW	Plaistow L.T.
PLKLHDE	Pollokshields East
PLKLHDW	Pollokshields West
PLKSHWE	Pollokshaws East
PLKSHWW	Pollokshaws West
PLMPTON	Plumpton
PLMS	Plumstead
PLOCKTN	Plockton
PLSNGTN	Pleasington
PLTH	Portlethen
PLTNLFY	Poulton-le-Fylde
PLUCKLY	Pluckley
PLUMLEY	Plumley
PLYMSAL	Plymouth Saltash Road (Bus)
PLYMTH	Plymouth
PMBRYBP	Pembrey & Burry Port
PNALLY	Penally
PNDRSEN	Ponders End
PNGEE	Penge East
PNKRBUS	Penkridge
PNKRDG	Penkridge
PNMNMWR	Penmaenmawr
PNRHCBR	Penrhiwceiber
PNSHBUS	Penshurst
PNSHRST	Penshurst
PNTADLS	Pontarddulais
PNTH	Penrith
PNTLTYN	Pontlottyn
PNTRBCH	Pentre-bach
PNTYFYN	Pantyffynnon
PNYF	Penyffordd
PNYPANT	Pont-y-Pant
POKSDWN	Pokesdown
POLGATE	Polegate
POLMONT	Polmont
POLSBDG	Polsloe Bridge
POMOHSP	Portsmouth Harbour
POMOPLD	Portsmouth Harbour
PONTYPL	Pontypool & New Inn
PONYCLN	Pontyclun
POOLE	Poole
POPLTON	Poppleton
PORH	Porth
POSILPK	Possilpark & Parkhouse
POTRSBR	Potters Bar
POYNTON	Poynton
PPAN	Prestonpans
PRBRITJ	Pirbright Junction
PREES	Prees
PRESCOT	Prescot
PRHN	Penrhyndeudraeth
PRINRIS	Princes Risborough
PRITLWL	Prittlewell
PRKSTON	Harwich International
PRNTSQ	Princetown (Bus)
PRSP	Preston Park
PRSPBUS	Preston Park
PRST	Preston
PRSTFGT	Preston
PRSTN4B	Preston
PRSTNCS	Preston C S (Ferry)
PRTHHBR	Porthmadog Harbour  (Bus)
PRTHMDG	Porthmadog
PRTSMTA	Portsmouth Arms
PRUDHOE	Prudhoe
PRYBR	Perry Barr
PRYN	Penryn
PSBY	Prestbury
PSEA	Portsmouth & Southsea
PSLDAWH	Portslade
PSLT	Port Sunlight
PSLYCAN	Paisley Canal
PSLYGST	Paisley Gilmour Street
PSLYSTJ	Paisley St James
PSRN	Pensarn
PSTA	Prestatyn
PSTONE	Parkstone (Dorset)
PTALBOT	Port Talbot Parkway
PTCK	Partick
PTFTBHL	Pontefract Baghill
PTFTMHL	Pontefract Monkhill
PTFTTSF	Pontefract Tanshelf
PTGLSGW	Port Glasgow
PTLCHRY	Pitlochry
PTRCRFT	Patricroft
PTRSFLD	Petersfield
PTYPRID	Pontypridd
PULBRO	Pulborough
PURFLET	Purfleet
PURLEY	Purley
PURLEYO	Purley Oaks
PUTNEY	Putney
PVNSYAW	Pevensey & Westham
PVNSYBY	Pevensey Bay
PWCH	Prestwich Metrolink (Bus)
PWCK	Prestwick Town
PWCKAPT	Prestwick Intl Airport
PWLHELI	Pwllheli
PWTH	Polesworth
PYBONT	Pen-y-bont
PYECRNR	Pye Corner
PYLE	Pyle
QNTRLDW	Quintrell Downs
QPRK	Queens Park (London)
QPRKAC	Queens Park (London)
QTRDBAT	Queenstown Road Battersea
QUAKRSY	Quakers Yard
QUENBRO	Queenborough
QUNPARK	Queens Park (Glasgow)
QUNTRD	Quainton Road
RADGM	Radcliffe Metrolink (Bus)
RADLETT	Radlett
RADNOT	Radcliffe (Nottinghamshire)
RADSVHL	Radstock (Bus)
RADYR	Radyr
RAINHMK	Rainham (Kent)
RAMSGTE	Ramsgate
RAMSHBR	Ramsgate Harbour (Bus)
RANNOCH	Rannoch
RAUCEBY	Rauceby
RAWCLIF	Rawcliffe
RAYLEGH	Rayleigh
RAYNSPK	Raynes Park
RBRN	Ravensbourne
RBRTSBD	Robertsbridge
RCHDALE	Rochdale
RCHE	Roche
RCHT	Rochester
RCKMNSW	Rickmansworth
RCTRYRD	Rectory Road
RDHAMN	Reedham (Norfolk)
RDIT	Redditch
RDLEY	Radley
RDLSDWN	Riddlesdown
RDNG4AB	Reading
RDNGBUS	Reading
RDNGSTN	Reading
REDBDGE	Redbridge
REDCARC	Redcar Central
REDCARE	Redcar East
REDCBSC	British Steel Redcar
REDGWST	Reading West
REDHILL	Redhill
REDISHN	Reddish North
REDISHS	Reddish South
REDLAND	Redland
REDRUTH	Redruth
REEDHMS	Reedham (Surrey)
REIGATE	Reigate
RENTON	Renton
RGHTNRD	Roughton Road
RGLS	Ravenglass for Eskdale
RHIGOS	Rhigos (Bus)
RHIL	Rainhill
RHIWBNA	Rhiwbina
RHOOSE	Rhoose Cardiff Intl Airport
RHOSNGR	Rhosneigr
RHUM	Rhum (Bus)
RHYL	Rhyl
RHYMNEY	Rhymney
RHYMTRE	Rhymney Tredegar (Bus)
RIBLHED	Ribblehead
RICELA	Rice Lane
RICHMND	Richmond
RICHNLL	Richmond
RIDGMNT	Ridgmont
RIDNGML	Riding Mill
RISCA	Risca & Pontymister
RISHTON	Rishton
RMSWILP	Ramsgreave & Wilpshire
RNFD	Rainford
RNHAME	Rainham (Essex)
ROBY	Roby
ROCHFD	Rochford
ROCKFRY	Rock Ferry
ROCKFY1	Rock Ferry
ROCKFYB	Rock Ferry
ROGART	Rogart
ROGRSTN	Rogerstone
ROHL	Rose Hill Marple
ROLSTN	Rolleston
ROMANBG	Roman Bridge
ROMFORD	Romford
ROMILEY	Romiley
ROMSEY	Romsey
ROMSEYB	Romsey Bus Station
ROOSE	Roose
ROSG	Rose Grove
ROSLARE	Rosslare Europort
ROSYTH	Rosyth
ROTHCEN	Rotherham Central
ROWLEYR	Rowley Regis
ROYBDGE	Roy Bridge
ROYDON	Roydon
ROYSTON	Royston
RSAY	Rothesay, Bute (Bus)
RSKNGTN	Ruskington
RTFD	Retford
RTFDLL	Retford
RTHERHI	Rotherhithe
RTHGLEN	Rutherglen
RTHP	Ravensthorpe
RUABON	Ruabon
RUFDORD	Rufford
RUGBY	Rugby
RUGL	Rugeley Trent Valley
RUGLTWN	Rugeley Town
RUNCORN	Runcorn
RUNCRNE	Runcorn East
RUSWARP	Ruswarp
RWLNDSC	Rowlands Castle
RYDCATS	Ryde Pier Head
RYDE	Ryde Esplanade
RYDP	Ryde Pier Head
RYDRBRW	Ryder Brow
RYDS	Ryde St Johns Road
RYEE	Rye
RYEHOUS	Rye House
SABR	Sandal & Agbrigg
SACTON	South Acton
SADWRD	St Andrews Road
SAIR	Saltaire
SALE	Sale Metrolink (Bus)
SALFDS	Salfords
SALHOUS	Salhouse
SALWICK	Salwick
SAMPCRT	Sampford Courtenay
SANDH	Sandhills
SANKEY	Sankey for Penketh
SANQHAR	Sanquhar
SANWBUS	St Andrews (Bus)
SARN	Sarn
SASH	Saltash
SAXILBY	Saxilby
SBCH	Sandbach
SBDGWTH	Sawbridgeworth
SBOUBUS	Southbourne
SBOURNE	Southbourne
SBRMNDS	South Bermondsey
SBRN	Saltburn
SBROUGH	Stallingborough
SBURY	Southbury
SBYD	Stalybridge
SCARBRO	Scarborough
SCNTHRP	Scunthorpe
SCRBSTR	Scrabster (Bus)
SCROYDN	South Croydon
SCSCLDR	Scotscalder
SCTSTNH	Scotstounhill
SDAL	Silverdale
SDBRYHH	Sudbury Hill Harrow
SDBRYHR	Sudbury & Harrow Road
SDLG	Sandling
SDON	Swindon
SDONBUS	Swindon Bus Station
SDPLACE	Sandplace
SDRSFOT	Saundersfoot
SDSD	Sanderstead
SEABURN	Seaburn (T & W Metro)
SEAFORD	Seaford
SEAHAM	Seaham
SEAMER	Seamer
SEASCAL	Seascale
SEATNSF	Seaton, Devon (Bus)
SEERGRN	Seer Green
SELAFLD	Sellafield
SELBY	Selby
SELHRST	Selhurst
SELKIRK	Selkirk (Bus)
SELLING	Selling
SELMSAL	South Elmsall
SELYOAK	Selly Oak
SEMILLS	Sea Mills
SESABUS	Southease
SESARDM	Southease
SETNCRW	Seaton Carew
SETTLE	Settle
SEVNSIS	Seven Sisters
SEVTNLJ	Severn Tunnel Junction
SFRD	Stretford Metrolink (Bus)
SFRTHAL	Seaforth & Litherland
SGFORD	South Greenford
SGOS	South Gosforth (T & W Metro)
SGRLOAF	Sugar Loaf
SHADWEL	Shadwell
SHAFTTH	Shaftesbury Town Hall (Bus)
SHALFD	Shalford
SHAMPTN	Shirehampton
SHANKLN	Shanklin
SHAWFD	Shawford
SHBN	Sherburn-in-Elmet
SHBRYNS	Shoeburyness
SHCRPTN	Shaw & Crompton
SHDN	Shildon
SHEFFLD	Sheffield
SHELFD	Shelford
SHENFLD	Shenfield
SHEPRTN	Shepperton
SHERBRN	Sherborne
SHIFNAL	Shifnal
SHILDMR	Shieldmuir
SHIRLEY	Shirley
SHLIER	St Helier
SHMPSTD	South Hampstead
SHNS	Shenstone
SHOLING	Sholing
SHOTTHL	Shotton
SHOTTON	Shotton
SHPDSB	Shepherds Bush
SHPE	Stanhope
SHPLAKE	Shiplake
SHPRTH	Shepreth
SHPY	Shipley
SHRBROK	Shirebrook
SHRDHST	Shoreditch High Street
SHRGHAM	Sheringham
SHRHMBS	Shoreham-by-Sea
SHRKSKS	Shireoaks
SHRMKT	Shoreham (Kent)
SHRNSOS	Sheerness-on-Sea
SHRTLND	Shortlands
SHRWBY	Shrewsbury
SHTLSTN	Shettleston
SHTLTNL	Shettleston Loop
SHTT	Shotts
SHVN	Stonehaven
SHWFAIR	Shawfair
SHWLNDS	Shawlands
SIDCUP	Sidcup
SILCRFT	Silecroft
SILEBY	Sileby
SINFINN	Private Charter
SINGER	Singer
SIVRST	Silver Street
SKEGNES	Skegness
SKENTON	South Kenton
SKEWEN	Skewen
SKPT	Skipton
SKSCMN	Silkstone Common
SLADEGN	Slade Green
SLATEFD	Slateford
SLCT	Saltcoats
SLEFD	Sleaford
SLEGHTS	Sleights
SLEHOPE	Stanford-le-Hope
SLFDCT	Salford Crescent
SLFDORD	Salford Central
SLOUGH	Slough
SLSBRY	Salisbury
SLSBY5B	Salisbury
SLSBY6B	Salisbury
SLTHWTE	Slaithwaite
SLTMRSH	Saltmarshe
SMALBRK	Smallbrook Junction
SMARGRT	St Margarets (Hertfordshire)
SMBG	Smithy Bridge
SMERTON	South Merton
SMILFD	South Milford
SMINSTR	Southminster
SMLHTH	Small Heath
SMRLYTN	Somerleyton
SMTHKRS	Smethwick Rolfe Street
SNAITH	Snaith
SNDGNG	Sandringham (Bus)
SNDHRST	Sandhurst
SNDOWN	Sandown
SNDP	Sundridge Park
SNDRLND	Sunderland
SNDRMNK	St Peters (T & W Metro)
SNDWDUD	Sandwell & Dudley
SNDY	Sandy
SNGT	Stonegate
SNODLND	Snodland
SNTJ	St James (T & W Metro)
SNWDNAN	Snowdown
SOAV	Stratford-upon-Avon
SOAVPWY	Stratford Parkway
SOLEST	Sole Street
SOLIHUL	Solihull
SOTDED	Southampton Eastern Docks
SOTDWD	Southampton Western Docks
SOTNTQ	Southampton Town Quay (Bus)
SOTON	Southampton Central
SOTONB	Southampton Central
SOTPKWY	Southampton Airpt Parkway
SOUTHPT	Southport
SOUTLSM	Southport, Lord Street (Bus)
SPALDNG	Spalding
SPDN	Spondon
SPEANBD	Spean Bridge
SPFD	Springfield
SPHL	Shippea Hill
SPHS	Staplehurst
SPITAL	Spital
SPLY	Shepley
SPONRRW	Spooner Row
SPRD	Spring Road
SPRNGBN	Springburn
SPTN	Shipton
SQUIRES	Squires Gate
SRUISLP	South Ruislip
SSEACLE	Southsea Hoverport (Bus)
STAFFRD	Stafford
STAINES	Staines
STALBCY	St Albans
STALBNA	St Albans Abbey
STAMFD	Stamford
STANAIR	Stansted Airport
STANMFC	Stansted Mountfitchet
STANSTD	Stansted Mountfitchet
STARBCK	Starbeck
STAS	St Annes-on-the-Sea
STAUEDE	Eden Project (Bus)
STAUSTL	St Austell
STAVELY	Staveley
STBDXFR	St Budeaux Ferry Road
STBDXVR	St Budeaux Victoria Road
STBEES	St Bees
STCKSFL	Stocksfield
STCLMBR	St Columb Road
STCN	Strathcarron
STCR	Stone Crossing
STDENYS	St Denys
STDI	Stadium of Light (T & W Metro)
STECHFD	Stechford
STEETON	Steeton & Silsden
STEPPS	Stepps
STERTH	St Erth
STETLEI	Street (Bus)
STEVNGE	Stevenage
STEWRTN	Stewarton
STFD	Stratford (London)
STFODOM	Stratford International
STFORDI	Stratford International
STGRMNS	St Germans
STHALL	Southall
STHBANK	South Bank
STHCENT	Southend Central
STHEAIR	Southend Airport
STHGYLE	South Gyle
STHH	South Hylton (T & W Metro)
STHLNSC	St Helens Central
STHLNSJ	St Helens Junction
STHNDE	Southend East
STHS	Streethouse
STHVIC	Southend Victoria
STHWICK	Southwick
STIRLNG	Stirling
STIVES	St Ives
STJAMSP	St James' Park
STJMSST	St James Street
STJOHNS	St Johns
STKEYNE	St Keyne Wishing Well Halt
STKM	Stoke Mandeville
STKNWNG	Stoke Newington
STKP	Stockport
STKSMR	Stocksmoor
STLEIGH	Stoneleigh
STLNRWS	St Leonards Warrior Square
STMCHLS	St Michaels
STMFDHL	Stamford Hill
STMGTS	St Margarets (London)
STMRYC	St Mary Cray
STNBGPK	Stonebridge Park
STNEOTS	St Neots
STNGBRN	Sittingbourne
STNHPO	Stonehouse
STNHSE	Stonehouse
STNLWAT	Stanlow & Thornton
STNVBUS	St Neots (Bus)
STOCTON	Stockton
STOKEOT	Stoke-on-Trent
STOKHAN	Hanley (Bus)
STONE	Stone
STONECS	Stone Crown Street (Bus)
STONEGS	Stone Granville Square (Bus)
STOTNHM	South Tottenham
STOW	Stow
STPANCI	London St Pancras (Intl)
STPLTNR	Stapleton Road
STPX	London St Pancras (Intl)
STPXBOX	London St Pancras (Intl)
STRBDG1	Stourbridge Junction
STRBDGJ	Stourbridge Junction
STRBDGT	Stourbridge Town
STRCROS	Starcross
STRETHM	Streatham
STRHCOM	Streatham Common
STRHILL	Streatham Hill
STRINES	Strines
STRMFRY	Stromeferry
STRNRR	Stranraer
STRNWPR	Stranraer West Pier (Bus)
STROOD	Strood
STRUD	Stroud
STRWBYH	Strawberry Hill
STTNPWY	Sutton Parkway
STURRY	Sturry
STVNSTN	Stevenston
STWMRKT	Stowmarket
STWRTBY	Stewartby
STWY	Stornoway, Lewis (Bus)
STYAL	Styal
SUDBURY	Sudbury
SUMRSTN	Summerston
SUNBURY	Sunbury
SUNDRTN	Saunderton
SUNNGDL	Sunningdale
SUNYMDS	Sunnymeads
SURBITN	Surbiton
SURREYQ	Surrey Quays
SUTCO	Sutton Coldfield
SUTTON	Sutton (Surrey)
SUTTONC	Sutton Common
SVNKNGS	Seven Kings
SVNOAKS	Sevenoaks
SVRNBCH	Severn Beach
SWALE	Swale
SWANSEA	Swansea
SWANSED	Swansea Docks (Bus)
SWAY	Sway
SWCH	Sandwich
SWELL	Shepherds Well
SWINTN	Swinton (South Yorkshire)
SWLY	Swanley
SWNAGE	Swanage
SWNDRBY	Swinderby
SWNSCMB	Swanscombe
SWNSGD	Swanscombe
SWNT	Swinton (Manchester)
SWNWICK	Swanwick
SWRBBDG	Sowerby Bridge
SWSHEAD	Swineshead
SWYTHLN	Swaythling
SXMNDHM	Saxmundham
SYDENHM	Sydenham
SYDNFD	Sydenham Hill
SYDNHMH	Sydenham Hill
SYONLA	Syon Lane
SYSTON	Syston
TABY	Thornaby
TACKLEY	Tackley
TADWBUS	Tadworth
TADWTH	Tadworth
TAFFSWL	Taffs Well
TAIN	Tain
TALB	Talybont
TALYCFN	Tal-y-Cafn
TAMEBDG	Tame Bridge Parkway
TANY	Tan-y-Bwlch  (Bus)
TAPLOW	Taplow
TARBERT	Tarbert, Harris (Bus)
TATNHMC	Tattenham Corner
TAUNSFC	Taunton (Bus)
TAUNTON	Taunton
TAYNULT	Taynuilt
TCULVRT	Thorpe Culvert
TDITTON	Thames Ditton
TEDNGTN	Teddington
TEINMTH	Teignmouth
TELFRDC	Telford Central
TENBY	Tenby
TEYNDVC	Teynham
TEYNHAM	Teynham
THABBEY	Thornton Abbey
THAL	Thorntonhall
THATCHM	Thatcham
THBDGS	Three Bridges
THBLDSG	Theobalds Grove
THEALE	Theale
THELAKS	The Lakes
THETFD	Thetford
THFORD	Thornford
THHT	Thatto Heath
THIRSK	Thirsk
THLB	Thornliebank
THOK	Three Oaks
THOKLB	Three Oaks
THOPBAY	Thorpe Bay
THORNEN	Thorne North
THORNES	Thorne South
THPLESK	Thorpe-le-Soken
THRGRTN	Thurgarton
THTH	Thornton Heath
THURSO	Thurso
THUSTON	Thurston
TILEH	Tile Hill
TILHRST	Tilehurst
TINTLNG	Tintagel (Bus)
TIPTON	Tipton
TIREE	Tiree (Bus)
TIRPHIL	Tir-phil
TISBURY	Tisbury
TIVIBUS	Tiverton (Bus)
TIVIPW	Tiverton Parkway
TLBYRSD	Tilbury Riverside (Bus)
TLBYTWN	Tilbury Town
TLSRNAU	Talsarnau
TMPCMB	Templecombe
TMWTHHL	Tamworth
TMWTHLL	Tamworth
TNYPNDY	Tonypandy
TOBRMRY	Tobermory, Mull (Bus)
TODMRDN	Todmorden
TOLWTH	Tolworth
TONBDG	Tonbridge
TONDU	Tondu
TONFNAU	Tonfanau
TONPNTR	Ton Pentre
TOOTING	Tooting
TOPSHAM	Topsham
TORQUAY	Torquay
TORRE	Torre
TOTNES	Totnes
TOTTON	Totton
TOWERHL	Tower Hill Underground
TOWNGRN	Town Green
TRDYRHW	Troed-y-rhiw
TREFRST	Trefforest
TREHAFD	Trehafod
TREHRBT	Treherbert
TREORCY	Treorchy
TRFDPK	Trafford Park
TRFRSTE	Trefforest Estate
TRIMLEY	Trimley
TRING	Tring
TRNHMGN	Turnham Green Underground
TRNO	Thurnscoe
TROON	Troon
TRURO	Truro
TRWBRDG	Trowbridge
TSDARPR	Tees-side Airport
TTNHMHL	Tottenham Hale
TULLOCH	Tulloch
TULSEH	Tulse Hill
TUNWELL	Tunbridge Wells
TURKYST	Turkey Street
TUTBURY	Tutbury & Hatton
TVSTBUS	Tavistock (Bus)
TWCKNHM	Twickenham
TWDBANK	Tweedbank
TWYFORD	Twyford
TYCROES	Ty Croes
TYGLAS	Ty Glas
TYGWYN	Tygwyn
TYNDRML	Tyndrum Lower
TYNDRMU	Upper Tyndrum
TYNEMTH	Tynemouth (T & W Metro)
TYSL	Tyseley
TYWYN	Tywyn
UCKFILD	Uckfield
UDNGSTN	Uddingston
UHALIFD	Upper Halliford
UIGG	Uig, Skye (Bus)
ULCEBY	Ulceby
ULESKLF	Ulleskelf
ULLAPOL	Ullapool (Bus)
ULVRSTN	Ulverston
UMBRLGH	Umberleigh
UNIV	University (T & W Metro)
UNVRSYB	University
UPHALL	Uphall
UPHOLND	Upholland
UPMNLT	Upminster Underground
UPMNSP6	Upminster
UPMNSTR	Upminster
UPRHLWY	Upper Holloway
UPTON	Upton
UPWEY	Upwey
URMSTON	Urmston
UTOXETR	Uttoxeter
UWRLNGH	Upper Warlingham
VALLEY	Valley
VAUXHAL	Vauxhall
VAUXHLM	Vauxhall
VAUXHLW	Vauxhall
VICTRIA	London Victoria
VICTRIC	London Victoria
VICTRIE	London Victoria
VRGNWTR	Virginia Water
WADDON	Waddon
WADHRST	Wadhurst
WAINFLT	Wainfleet
WALAGRD	Wallasey Grove Road
WALASYV	Wallasey Village
WALERTN	West Allerton
WALHAMX	Waltham Cross
WALKDEN	Walkden
WALLYFD	Wallyford
WALMER	Walmer
WALNGTN	Wallington
WALSALL	Walsall
WALTONM	Walton (Merseyside)
WANBRO	Wanborough
WANDCMN	Wandsworth Common
WANTMPL	Wantage (Bus)
WAPPING	Wapping
WARE	Ware
WARGRAV	Wargrave
WARHAM	Wareham
WARNHAM	Warnham
WARWICK	Warwick
WARWPWY	Warwick Parkway
WARWUNI	Warwick University (Bus)
WATBECH	Waterbeach
WATCHET	Watchet (Bus)
WATFDHS	Watford High Street
WATFDJ	Watford Junction
WATFDN	Watford North
WATFJDC	Watford Junction
WATLGTN	Watlington
WATONAS	Watton-at-Stone
WATR	London Waterloo
WATRINT	London Waterloo Intl
WATRLLT	Waterloo Underground
WATRLMN	London Waterloo
WATRLOO	London Waterloo
WATRLOW	London Waterloo
WATSTND	Whatstandwell
WAUNGRN	Waun-gron Park
WBRMPTN	West Brompton
WBYFLET	West Byfleet
WCALDER	West Calder
WCHAPEL	Whitechapel
WCHR	Whitchurch (Shropshire)
WCKHMMR	Wickham Market
WCLIFF	Westcliff
WCOMBEP	Westcombe Park
WCROYDN	West Croydon
WDBDGBS	Wadebridge Bus Station
WDEN	Walsden
WDGRNPK	Woodgrange Park
WDHAMFR	South Woodham Ferrers
WDHOUSE	Woodhouse
WDLESFD	Woodlesford
WDLYHI	Woodley, Hunters Inn (Bus)
WDMNSTR	Woodmansterne
WDND	Wood End
WDNLUL	Wimbledon
WDNPK	Wimbledon Park
WDNYMNR	Widney Manor
WDON	Wimbledon
WDRNGTN	Widdrington
WDRYTON	West Drayton
WDST	Wood Street
WDULCRD	West Dulwich
WDULWCH	West Dulwich
WDWTOWN	Wandsworth Town
WEALING	West Ealing
WEDGORB	Wedgwood Old Road Bridge (Bus)
WEDGWD	Wedgwood
WEELEY	Weeley
WEETON	Weeton
WELHAMG	Welham Green
WELLING	Welling
WELNGTN	Wellington (Shropshire)
WELSHPL	Welshpool
WEMBLSM	Wembley Stadium
WEMBNEX	Wembley Stadium (Bus)
WEMM	Wem
WEMYSSB	Wemyss Bay
WENDOVR	Wendover
WENHNGR	Westenhanger
WENNGTN	Wennington
WENXTSE	Wells-Next-The-Sea (Bus)
WESGTOS	Westgate-on-Sea
WEST530	Westerton
WESTRTN	Westerton
WETHERL	Wetheral
WEYBDGB	Weybridge
WEYBDGE	Weybridge
WEYMTH	Weymouth
WEYMTHQ	Weymouth Quay (Bus)
WGSTS	South Wigston
WHAILES	Wester Hailes
WHALLEY	Whalley
WHALYBG	Whaley Bridge
WHAMHL	West Ham
WHCH	Whitchurch (Glamorgan)
WHHL	Woodhall
WHHRTLA	White Hart Lane
WHIFLET	Whifflet
WHIMPLE	Whimple
WHINH	Whinhill
WHISTON	Whiston
WHITEHL	Whitehill Prince of Wales (Bus
WHITHVN	Whitehaven
WHLAND	Whitland
WHLE	Whitlocks End
WHMDSTD	West Hampstead
WHMPSTM	West Hampstead Thameslink
WHORNDN	West Horndon
WHRDWRD	Leeds, Whitehall (Bus)
WHSTBLE	Whitstable
WHTBDGE	Whitley Bridge
WHTCHRH	Whitchurch (Hampshire)
WHTLSEA	Whittlesea
WHTTON	Whitton
WHWLL	Whitwell
WHYTBUS	Whyteleafe South
WHYTELF	Whyteleafe
WHYTLFS	Whyteleafe South
WICK	Wick
WIDNES	Widnes
WIGANNW	Wigan North Western
WIGANWL	Wigan Wallgate
WIGTON	Wigton
WIKFORD	Wickford
WILMCOT	Wilmcote
WILNECT	Wilnecote
WIMBLDN	Wimbledon
WIMLCHS	Wimbledon Chase
WINCHLS	Winchelsea
WINCNEW	Winchelsea
WINCSEA	Winchelsea
WINDSEC	Windsor & Eton Central
WINERSH	Winnersh
WINETGL	Winnersh Triangle
WISBBUS	Wisbech Horsefair (Bus)
WISHAW	Wishaw
WITEHIL	Whitehill Prince of Wales (Bus
WITHAME	Witham
WITLEY	Witley
WITTON	Witton
WITYNE	Witney Market Place (Bus)
WIVENHO	Wivenhoe
WKFLDKG	Wakefield Kirkgate
WKFLDWG	Wakefield Westgate
WKILBRD	West Kilbride
WKIRBY	West Kirby
WKNT	Workington
WKNTBS	Workington Bus Station
WLDMILL	Wildmill
WLDNGHM	Woldingham
WLGFORD	Wallingford Market Place (Bus)
WLLSPRI	Wells (Bus)
WLMSL	Wilmslow
WLNGBRO	Wellingborough
WLNTNON	Willington
WLOE	London Waterloo East
WLOO	Waterloo (Merseyside)
WLSDJHL	Willesden Junction
WLSDLLB	Willesden Junction
WLSDNJL	Willesden Junction
WLSDWLJ	Willesden Junction
WLTHQRD	Walthamstow Queens Road
WLTWCEN	Walthamstow Central
WLVR	Wolverton
WLWYNGC	Welwyn Garden City
WLWYNN	Welwyn North
WMALING	West Malling
WMBY	Wembley Central
WMBYDC	Wembley Central
WMER	Windermere
WMILTON	Weston Milton
WMOR	Woodsmoor
WMWD	Williamwood
WNCFILD	Winchfield
WNCHSTR	Winchester
WNDSWRD	Wandsworth Road
WNMHILL	Winchmore Hill
WNORWOD	West Norwood
WNOTLEY	White Notley
WNSFD	Winsford
WNSTDPK	Wanstead Park
WOBURNS	Woburn Sands
WODBDGE	Woodbridge
WOKING	Woking
WOKNGHM	Wokingham
WOLSTON	Woolston
WOLWCDY	Woolwich Dockyard
WOLWCHA	Woolwich Arsenal
WOMBWEL	Wombwell
WONNAZE	Walton-on-the-Naze
WONT	Walton-on-Thames
WOODLEY	Woodley
WOOL	Wool
WORCSFS	Worcester Foregate Street
WORCSSH	Worcester Shrub Hill
WORKSOP	Worksop
WORLE	Worle
WORSTED	Worstead
WORTHNG	Worthing
WOTONWN	Wootton Wawen
WRABNES	Wrabness
WRBLNGT	Warblington
WRCSTRP	Worcester Park
WRENBRY	Wrenbury
WRESSLE	Wressle
WREXGUB	Wrexham General
WREXHMC	Wrexham Central
WREXHMG	Wrexham General
WRGT	Warrington Central
WRGTNBQ	Warrington Bank Quay
WRMNSTR	Warminster
WROXHAM	Hoveton & Wroxham
WRPLSDN	Worplesdon
WRUISLP	West Ruislip
WRUNTON	West Runton
WRYSBRY	Wraysbury
WSLE	West St Leonards
WSMARE	Weston-super-Mare
WSORAER	Windsor & Eton Riverside
WSTBRYW	Westbury
WSTBSTA	Westbury (Bus)
WSTHOTN	Westhoughton
WSTRFLD	Westerfield
WSUTTON	West Sutton
WTBY	Whitby
WTCR	Whitecraigs
WTLESFD	Whittlesford Parkway
WTNBHST	Wootton Bassett (Bus)
WTRNGBY	Wateringbury
WTRORTN	Water Orton
WVLSFLD	Wivelsfield
WVRMPTN	Wolverhampton
WVRTTEC	Wavertree Tech Park
WWICKHM	West Wickham
WWODVIL	Avoncliff
WWRTHNG	West Worthing
WYEE	Wye
WYGN	Wylde Green
WYLAM	Wylam
WYMNDHM	Wymondham
WYTH	Wythall
YAAM	Yarm
YALDING	Yalding
YARMTH	Great Yarmouth
YATE	Yate
YATTON	Yatton
YEOFORD	Yeoford
YMTHIOW	Yarmouth (Isle of Wight)
YNYSWEN	Ynyswen
YOKER	Yoker
YOKERCS	Yoker
YORK	York
YORKCSH	Castle Howard (Bus)
YORKECP	Eden Camp (Bus)
YORKFLM	Flamingo Land (Bus)
YORKPCK	Pickering Eastgate (Bus)
YORKWHT	Whitby Bus Station
YORTON	Yorton
YOVILBS	Yeovil Bus Station
YOVILJN	Yeovil Junction
YOVILJS	Yeovil Junction
YOVILPM	Yeovil Pen Mill
YOVILPS	Yeovil Pen Mill
YRDLYWD	Yardley Wood
YSTRADM	Ystrad Mynach
YSTRBWD	Blackwood (Bus)
YTMNSTR	Yetminster
YTRHOND	Ystrad Rhondda
