1,WEB,11% WEB DISC,11% WEB DISC,111,1,1,2015-09-08 00:00:00,2999-12-31 00:00:00
2,LUR,16+ Oyster Photocard,16+ Oyster Photocard,76,1,1,2019-07-02 00:00:00,2999-12-31 00:00:00
3,YNR,16-18 TPE Discount,16-18 TPE Discount,100,1,1,2022-02-10 00:00:00,2022-02-28 00:00:00
4,YNG,16-25 Railcard,16-25 Railcard,3,1,1,2022-03-10 00:00:00,2022-06-30 00:00:00
5,YNH,16-25 Railcard (Annual Gold Card),16-25 Railcard (Annual Gold Card),0,1,1,2015-01-02 00:00:00,2999-12-31 00:00:00
6,LUS,18+ Oyster Photocard,18+ Oyster Photocard,75,1,1,2019-07-02 00:00:00,2999-12-31 00:00:00
7,DIP,1YR DISABLED PERSONS,1YR DISABLED PERSONS,0,1,1,2011-01-02 00:00:00,2999-12-31 00:00:00
8,AT1,1YR DISABLED PERSONS.,1YR DISABLED PERSONS.,0,1,1,2011-01-02 00:00:00,2999-12-31 00:00:00
9,DIT,1YR REP CHG DIS PERS,1YR REP CHG DIS PERS,0,1,1,2008-10-16 00:00:00,2999-12-31 00:00:00
10,AT2,1YR REP CHG DIS PERS.,1YR REP CHG DIS PERS.,0,1,1,2009-03-10 00:00:00,2999-12-31 00:00:00
11,DIU,1YR REP DIS PERS,1YR REP DIS PERS,0,1,1,2008-09-11 00:00:00,2999-12-31 00:00:00
12,AT3,1YR REP DIS PERS.,1YR REP DIS PERS.,0,1,1,2009-03-10 00:00:00,2999-12-31 00:00:00
13,S34,365 SEASON DISC,365 SEASON DISC,46,1,1,2012-02-27 00:00:00,2017-05-20 00:00:00
14,DIV,3YR DISABLED PERSONS,3YR DISABLED PERSONS,0,1,1,2011-01-02 00:00:00,2999-12-31 00:00:00
15,AT4,3YR DISABLED PERSONS.,3YR DISABLED PERSONS.,0,1,1,2011-01-02 00:00:00,2999-12-31 00:00:00
16,DIW,3YR REP CHG DIS PERS,3YR REP CHG DIS PERS,0,1,1,2008-10-16 00:00:00,2999-12-31 00:00:00
17,AT5,3YR REP CHG DIS PERS.,3YR REP CHG DIS PERS.,0,1,1,2009-03-10 00:00:00,2999-12-31 00:00:00
18,DIX,3YR REP DIS PERS,3YR REP DIS PERS,0,1,1,2008-09-11 00:00:00,2999-12-31 00:00:00
19,AT6,3YR REP DIS PERS.,3YR REP DIS PERS.,0,1,1,2009-03-10 00:00:00,2999-12-31 00:00:00
20,ACD,Accompanied Child Discount,Accompanied Child Discount,0,1,1,2010-06-30 00:00:00,2999-12-31 00:00:00
21,ANG,ANGLIA FLAT FARE,ANGLIA FLAT FARE,0,55,1,2019-01-19 00:00:00,2999-12-31 00:00:00
22,AIG,ANGLIA INTL GROUP,ANGLIA INTL GROUP,60,61,1,2019-01-19 00:00:00,2999-12-31 00:00:00
23,NGC,Annual Gold Card,Annual Gold Card,36,37,1,2021-10-27 00:00:00,2999-12-31 00:00:00
24,AVC,AYLESBURY VALE,AYLESBURY VALE,21,1,1,2016-01-27 00:00:00,2999-12-31 00:00:00
25,BU1,BRISTOL UNI 10%,BRISTOL UNI 10%,148,0,1,2019-01-19 00:00:00,2999-12-31 00:00:00
26,BU2,BRISTOL UNI 20%,BRISTOL UNI 20%,149,0,1,2012-04-20 00:00:00,2999-12-31 00:00:00
27,YTH,Britrail Youth,Britrail Youth,54,55,1,2018-06-13 00:00:00,2999-12-31 00:00:00
28,BUD,BUCKS CC DISCOUNT,BUCKS CC DISCOUNT,183,1,1,2019-01-19 00:00:00,2999-12-31 00:00:00
29,CRC,Cambrian Railcard,Cambrian Railcard,21,97,1,2020-01-02 00:00:00,2999-12-31 00:00:00
30,CCK,CANNOCK CONCESSION,CANNOCK CONCESSION,27,28,1,2015-10-20 00:00:00,2999-12-31 00:00:00
31,C20,CHARITYLINE 20,CHARITYLINE 20,189,1,1,2021-09-10 00:00:00,2999-12-31 00:00:00
32,CBC,CHARNWOOD 50% DISC,CHARNWOOD 50% DISC,33,1,1,2012-04-20 00:00:00,2999-12-31 00:00:00
33,E07,CHILTERN CORPORATE A,CHILTERN CORPORATE A,145,0,1,2012-04-20 00:00:00,2999-12-31 00:00:00
34,E10,CHILTERN CORPORATE B,CHILTERN CORPORATE B,169,0,1,2012-04-20 00:00:00,2999-12-31 00:00:00
35,E12,CHILTERN CORPORATE C,CHILTERN CORPORATE C,174,0,1,2012-04-20 00:00:00,2999-12-31 00:00:00
36,C50,Club 50,Club 50,14,1,1,2019-07-20 00:00:00,2999-12-31 00:00:00
37,D30,CONCESS 30%,CONCESS 30%,133,26,1,2021-09-15 00:00:00,2999-12-31 00:00:00
38,D34,Concession 34% for Visually Impaired or Wheelchair User,Concession 34%,141,1,1,2012-04-20 00:00:00,2999-12-31 00:00:00
39,D50,Concession 50% for Visually Impaired or Wheelchair User,Concession 50%,147,1,1,2012-04-20 00:00:00,2999-12-31 00:00:00
40,D75,Wheelchair using child - 75%,Concession 75%,0,154,1,2012-04-20 00:00:00,2999-12-31 00:00:00
41,D10,Corporate A,Corporate A,4,1,1,2021-09-10 00:00:00,2999-12-31 00:00:00
42,D15,Corporate B,Corporate B,58,65,1,2021-09-15 00:00:00,2999-12-31 00:00:00
43,D20,Small Group,Small Group,7,38,1,2021-09-15 00:00:00,2999-12-31 00:00:00
44,D25,DISCOUNT 25,DISCOUNT 25,106,8,1,2021-09-15 00:00:00,2999-12-31 00:00:00
45,D13,Corporate Discount S,Corporate Discount S,153,1,1,2014-08-29 00:00:00,2999-12-31 00:00:00
46,D05,CORPORATE E,CORPORATE E,144,1,1,2021-09-10 00:00:00,2999-12-31 00:00:00
47,D08,CORPORATE F,CORPORATE F,138,1,1,2021-09-10 00:00:00,2999-12-31 00:00:00
48,D23,Corporate G,Corporate G,118,0,1,2012-04-20 00:00:00,2999-12-31 00:00:00
49,D47,Corporate H,Corporate H,121,0,1,2012-04-20 00:00:00,2999-12-31 00:00:00
50,CTD,Cotswold Line Railcard,Cotswold Line Railcard,21,0,1,2019-05-19 00:00:00,2999-12-31 00:00:00
51,SCC,COUNTY DISCOUNT CODE,COUNTY DISCOUNT CODE,27,1,1,2020-10-08 00:00:00,2999-12-31 00:00:00
52,CCC,Craven College 25%,Craven College 25%,98,1,1,2019-04-19 00:00:00,2999-12-31 00:00:00
53,B2B,CS B2B Discount,CS B2B Discount,11,1,1,2015-04-20 00:00:00,2999-12-31 00:00:00
54,DRD,Dales Railcard,Dales Railcard,24,112,1,2021-07-27 00:00:00,2999-12-31 00:00:00
55,DBL,DERBYSHIRE B-LINE,DERBYSHIRE B-LINE,90,1,1,2019-01-19 00:00:00,2999-12-31 00:00:00
56,DWF,DERBYSHIRE WAYFARER,DERBYSHIRE WAYFARER,91,1,1,2019-01-19 00:00:00,2999-12-31 00:00:00
57,DBK,DEREHAM BUS 16-19,DEREHAM BUS 16-19,21,1,1,2018-01-12 00:00:00,2999-12-31 00:00:00
58,DCR,Devon & Cornwall Railcard,Devon & Cornwall Railcard,21,22,1,2021-05-16 00:00:00,2999-12-31 00:00:00
59,DIS,Disabled Persons Railcard,Disabled Persons Railcard,63,64,1,2022-03-01 00:00:00,2999-12-31 00:00:00
60,DIC,Disabled Child Railcard,Disabled Child Railcard,63,64,1,2022-03-01 00:00:00,2999-12-31 00:00:00
61,W20,HEALTH SERVICE,HEALTH SERVICE,59,38,1,2021-09-15 00:00:00,2999-12-31 00:00:00
62,W34,DISCOUNT 34,DISCOUNT 34,44,1,1,2021-09-15 00:00:00,2999-12-31 00:00:00
63,W40,DISCOUNT 40,DISCOUNT 40,68,1,1,2021-09-15 00:00:00,2999-12-31 00:00:00
64,W45,Discount 45,Discount 45,101,1,1,2021-09-15 00:00:00,2999-12-31 00:00:00
65,W47,Discount 47,Discount 47,107,1,1,2021-09-15 00:00:00,2999-12-31 00:00:00
66,W50,DISCOUNT 50,DISCOUNT 50,47,35,1,2021-09-15 00:00:00,2999-12-31 00:00:00
67,W52,Discount 52,Discount 52,116,1,1,2021-09-15 00:00:00,2999-12-31 00:00:00
68,W55,DISCOUNT 55,DISCOUNT 55,71,1,1,2021-09-15 00:00:00,2999-12-31 00:00:00
69,W60,DISCOUNT 60,DISCOUNT 60,74,1,1,2021-09-15 00:00:00,2999-12-31 00:00:00
70,W65,Discount 65,Discount 65,89,1,1,2021-09-15 00:00:00,2999-12-31 00:00:00
71,W70,Discount 70,Discount 70,92,1,1,2021-09-15 00:00:00,2999-12-31 00:00:00
72,W75,DISCOUNT 75,DISCOUNT 75,53,250,1,2021-12-08 00:00:00,2999-12-31 00:00:00
73,DAD,Discount Adult A,Discount Adult A,4,0,1,2012-04-20 00:00:00,2999-12-31 00:00:00
74,DAT,Discount Adult B,Discount Adult B,7,0,1,2012-04-20 00:00:00,2999-12-31 00:00:00
75,DCT,DISCOUNT AUTHORITY,DISCOUNT AUTHORITY,18,19,1,2018-06-13 00:00:00,2999-12-31 00:00:00
76,DCP,Durham Concessionary Travel Permit,Durham Concessionary Travel Permit,27,1,1,2021-08-17 00:00:00,2999-12-31 00:00:00
77,DCG,Devon & Cornwall Gold Card,Devon & Cornwall Gold Card,123,124,1,2016-01-27 00:00:00,2999-12-31 00:00:00
78,EST,FGW Easit,FGW Easit,102,1,1,2020-03-10 00:00:00,2020-03-31 00:00:00
79,GSU,LNER Small Group (stations),LNER Small Group (stations),77,80,1,2021-09-23 00:00:00,2999-12-31 00:00:00
80,S50,LNER Super Off-Pk Sgl Web Disc,LNER Super Off-Pk Sgl Web Disc,83,86,1,2020-02-20 00:00:00,2999-12-31 00:00:00
81,EDU,EDUCATIONAL CONCESS,EDUCATIONAL CONCESS,51,52,1,2018-06-14 00:00:00,2999-12-31 00:00:00
82,BA3,EMR Discount A,EMR Discount A,195,0,1,2019-08-18 00:00:00,2999-12-31 00:00:00
83,BA2,EMR Discount B,EMR Discount B,194,0,1,2019-08-18 00:00:00,2999-12-31 00:00:00
84,BA1,EMR Discount C,EMR Discount C,120,0,1,2019-08-18 00:00:00,2999-12-31 00:00:00
85,BA4,EMR Discount D,EMR Discount D,130,0,1,2019-08-18 00:00:00,2999-12-31 00:00:00
86,BA5,EMR Discount E,EMR Discount E,142,0,1,2019-08-18 00:00:00,2999-12-31 00:00:00
87,ENC,ENCTS 34% DISCOUNT,ENCTS 34% DISCOUNT,32,1,1,2013-09-02 00:00:00,2999-12-31 00:00:00
88,EVC,Esk Valley Railcard,Esk Valley Railcard,24,25,1,2021-07-27 00:00:00,2999-12-31 00:00:00
89,FAN,Family & Friends Railcard (Annual Gold Card),Family & Friends Railcard (Annual Gold Card),0,1,1,2015-01-02 00:00:00,2999-12-31 00:00:00
90,FAM,Family & Friends Railcard,Family & Friends Railcard,9,10,1,2022-03-01 00:00:00,2999-12-31 00:00:00
91,FCC,FCC SEASON PASS,FCC SEASON PASS,150,1,1,2012-04-20 00:00:00,2999-12-31 00:00:00
92,FCT,FIFE CONCESSIONARY,FIFE CONCESSIONARY,84,85,1,2018-06-15 00:00:00,2999-12-31 00:00:00
93,FIP,FIP Discount 50%,FIP Discount 50%,161,164,1,2015-09-08 00:00:00,2999-12-31 00:00:00
94,FIR,FIP Discount 75%,FIP Discount 75%,167,170,1,2015-09-08 00:00:00,2999-12-31 00:00:00
95,FDM,FREEDOM PASS,FREEDOM PASS,0,0,1,1998-08-14 00:00:00,2999-12-31 00:00:00
96,STC,FUNTRACKERS RAILCARD,FUNTRACKERS RAILCARD,27,28,1,2015-10-20 00:00:00,2999-12-31 00:00:00
97,GEP,Gatwick Express Partners Card,Gatwick Express Partners Card,126,1,1,2019-01-02 00:00:00,2999-12-31 00:00:00
98,GEA,Gatwick Staff Discount A,Gatwick Staff Discount A,93,1,1,2020-01-02 00:00:00,2999-12-31 00:00:00
99,GEQ,Gatwick Staff Discount Q,Gatwick Staff Discount Q,93,1,1,2020-01-02 00:00:00,2999-12-31 00:00:00
100,GCM,Grand Central 16-25 Railcard,Grand Central 16-25 Railcard,0,1,1,2010-07-15 00:00:00,2999-12-31 00:00:00
101,GCC,Grand Central Community Card,Grand Central Community Card,198,1,1,2018-01-12 00:00:00,2999-12-31 00:00:00
102,GCN,Grand Central Family & Friends Railcard,Grand Central Family & Friends Railcard,0,1,1,2010-07-15 00:00:00,2999-12-31 00:00:00
103,GCO,Grand Central Senior Railcard,Grand Central Senior Railcard,0,1,1,2010-07-15 00:00:00,2999-12-31 00:00:00
104,ROV,Glasgow Conference Discount,Glasgow Conference Discount,184,1,1,2012-06-26 00:00:00,2999-12-31 00:00:00
105,DGV,GREAT WESTERN 10,GREAT WESTERN 10,146,0,1,2012-06-11 00:00:00,2999-12-31 00:00:00
106,DGW,GREAT WESTERN 15,GREAT WESTERN 15,131,0,1,2014-05-06 00:00:00,2999-12-31 00:00:00
107,DGX,GREAT WESTERN 20,GREAT WESTERN 20,152,0,1,2014-05-06 00:00:00,2999-12-31 00:00:00
108,DGU,GREAT WESTERN 5,GREAT WESTERN 5,143,0,1,2014-09-24 00:00:00,2999-12-31 00:00:00
109,DGY,GREAT WESTERN 50,GREAT WESTERN 50,155,0,1,2012-04-20 00:00:00,2999-12-31 00:00:00
110,DGZ,GREAT WESTERN 75,GREAT WESTERN 75,158,0,1,2012-05-15 00:00:00,2999-12-31 00:00:00
111,GRP,Group Discount,Group Discount,60,61,1,2021-09-10 00:00:00,2999-12-31 00:00:00
112,SGB,Group Discount TPE,Group Discount TPE,122,199,1,2017-07-05 00:00:00,2999-12-31 00:00:00
113,GS3,GroupSave Discount,GroupSave Discount,30,1,1,2021-09-10 00:00:00,2999-12-31 00:00:00
114,GWR,GWR 5% Corporate Discount,GWR 5% Corporate Discount,180,1,1,2018-01-12 00:00:00,2999-12-31 00:00:00
115,HOW,Heart of Wales Railcard,Heart of Wales Railcard,21,97,1,2020-01-02 00:00:00,2999-12-31 00:00:00
116,HCT,Highland Concession,Highland Concession,78,79,1,2018-06-15 00:00:00,2999-12-31 00:00:00
117,HRC,Highland Railcard : North Scotland,Highland Railcard,27,97,1,2019-01-02 00:00:00,2999-12-31 00:00:00
118,HCC,HUMBERSIDE 34,HUMBERSIDE 34,46,1,1,2021-08-17 00:00:00,2999-12-31 00:00:00
119,HCS,HUMBERSIDE 50,HUMBERSIDE 50,45,1,1,2021-08-10 00:00:00,2999-12-31 00:00:00
120,E30,IEC CORPORATE J 30%,IEC CORPORATE J 30%,120,0,1,2012-04-20 00:00:00,2999-12-31 00:00:00
121,IRD,InterRail,InterRail,73,1,1,2022-03-10 00:00:00,2022-06-30 00:00:00
122,IWR,ISLAND RESIDENT CARD,ISLAND RESIDENT CARD,105,1,1,2012-04-20 00:00:00,2999-12-31 00:00:00
123,IWC,ISLANDER CARD,ISLANDER CARD,108,109,1,2012-04-20 00:00:00,2999-12-31 00:00:00
124,JCP,Jobcentre Plus Travel Discount Card,Jobcentre Plus Discount Card,57,1,1,2021-11-12 00:00:00,2999-12-31 00:00:00
125,JSD,Jobseekers TPE Discount,Jobseekers TPE Discount,119,1,1,2017-06-09 00:00:00,2999-12-31 00:00:00
126,JUV,Juvenile Discount,Juvenile Discount,54,55,1,2018-06-13 00:00:00,2999-12-31 00:00:00
127,KSJ,KENT SCHOLAR JUNIOR,KENT SCHOLAR JUNIOR,96,1,1,2018-03-24 00:00:00,2999-12-31 00:00:00
128,KSC,KENT SCHOLARS CARD,KENT SCHOLARS CARD,0,175,1,2018-03-24 00:00:00,2999-12-31 00:00:00
129,LCS,LEICESTER CONCESSION,LEICESTER CONCESSION,27,28,1,2015-10-20 00:00:00,2999-12-31 00:00:00
130,LCT,Lothian Concessionary,Lothian Concessionary,72,1,1,2019-07-20 00:00:00,2999-12-31 00:00:00
131,ASD,Manchester Airport Staff Discount,Manchester Airport Staff Discount,99,1,1,2019-01-19 00:00:00,2999-12-31 00:00:00
132,MCT,Manchester Concession,Manchester Concession,27,1,1,2021-08-17 00:00:00,2999-12-31 00:00:00
133,MVS,Marston Vale Senior Railcard,Marston Vale Senior Railcard,27,1,1,2019-08-08 00:00:00,2999-12-31 00:00:00
134,MED,Medway Scholar Card,Medway Scholar Card,168,1,1,2017-12-12 00:00:00,2999-12-31 00:00:00
135,MGP,Merseyrail GroupSave,Merseyrail GroupSave,110,113,1,2016-01-02 00:00:00,2999-12-31 00:00:00
136,L34,NE Lincs Concession 34,NE Lincs Concession 34,56,1,1,2021-08-10 00:00:00,2999-12-31 00:00:00
137,L50,NE Lincs Concession 50,NE Lincs Concession 50,81,1,1,2021-08-10 00:00:00,2999-12-31 00:00:00
138,NEW,Network Railcard,Network Railcard,48,49,1,2022-03-10 00:00:00,2999-12-31 00:00:00
139,NCP,Network Railcard Partners Card,Network Railcard Partners Card,0,1,1,2018-04-28 00:00:00,2999-12-31 00:00:00
140,NDJ,New Deal Photocard Scotland,New Deal Photocard Scotland,57,1,1,2016-03-10 00:00:00,2999-12-31 00:00:00
141,KAN,Nottingham Robin Hood 50%,Nottingham Robin Hood 50%,181,1,1,2013-01-11 00:00:00,2999-12-31 00:00:00
142,NCC,Nottingham Concessionary Travel,Nottingham Concessionary Travel,0,94,1,2021-01-23 00:00:00,2999-12-31 00:00:00
143,NSC,NSC Season Pass,NSC Season Pass,192,1,1,2012-04-20 00:00:00,2999-12-31 00:00:00
144,NUS,TOTUM NUS Extra,TOTUM NUS Extra,125,1,1,2018-10-20 00:00:00,2999-12-31 00:00:00
145,OC5,Club 50 Web - ScotRail,Club 50 Web - ScotRail,20,1,1,2019-07-20 00:00:00,2999-12-31 00:00:00
146,PBR,Pembrokeshire Railcard,Pembrokeshire Railcard,21,97,1,2020-01-02 00:00:00,2999-12-31 00:00:00
147,PD4,Promo Discount 40,Promo Discount 40,82,1,1,2021-09-15 00:00:00,2999-12-31 00:00:00
148,PD5,Promo Discount 50,Promo Discount 50,70,127,1,2016-08-10 00:00:00,2999-12-31 00:00:00
149,RES,Rail Europe Senior,Rail Europe Senior,0,0,1,2002-01-17 00:00:00,2999-12-31 00:00:00
150,HMF,HM Forces Railcard,HM Forces Railcard,12,13,1,2022-03-10 00:00:00,2022-06-30 00:00:00
151,RTE,RAILTRACK EMPLOYEES,RAILTRACK EMPLOYEES,4,1,1,2012-04-20 00:00:00,2999-12-31 00:00:00
152,RYP,Replacement 16-25 Railcard,Replacement 16-25 Railcard,0,1,1,2012-03-14 00:00:00,2999-12-31 00:00:00
153,RFF,Replacement Family & Friends Railcard,Replacement Family & Friends Railcard,0,1,1,2012-03-14 00:00:00,2999-12-31 00:00:00
154,RNW,Replacement Network Card,Replacement Network Card,0,1,1,2015-09-26 00:00:00,2999-12-31 00:00:00
155,RSN,Replacement Senior Railcard,Replacement Senior Railcard,0,1,1,2012-03-14 00:00:00,2999-12-31 00:00:00
156,R2T,Replacement Two Together Railcard,Replacement Two Together Railcard,0,1,1,2018-01-16 00:00:00,2999-12-31 00:00:00
157,SRY,Young Scot National Entitlement Card,Young Scot National Entitlement Card,117,1,1,2021-11-25 00:00:00,2999-12-31 00:00:00
158,BB1,Key Workers Discount,Key Workers Discount,132,1,1,2021-06-03 00:00:00,2999-12-31 00:00:00
159,BB2,Student Discount,Student Discount,135,1,1,2020-11-25 00:00:00,2999-12-31 00:00:00
160,BB3,Caledonian Sleeper Discount,Caledonian Sleeper Discount,136,1,1,2021-06-16 00:00:00,2999-12-31 00:00:00
161,STL,Season Loyalty Discount,Season Loyalty Discount,129,151,1,2017-11-03 00:00:00,2999-12-31 00:00:00
162,SRN,Senior Railcard,Senior Railcard,6,1,1,2022-03-01 00:00:00,2999-12-31 00:00:00
163,SRO,Senior Railcard (Annual Gold Card),Senior Railcard (Annual Gold Card),0,1,1,2015-01-02 00:00:00,2999-12-31 00:00:00
164,SRS,Senior Save Railcard,Senior Save Railcard,27,1,1,2017-12-02 00:00:00,2999-12-31 00:00:00
165,SCD,Shipley College 25%,Shipley College 25%,104,1,1,2019-04-19 00:00:00,2999-12-31 00:00:00
166,GU3,Small Group 3,Small Group 3,172,190,1,2019-07-12 00:00:00,2999-12-31 00:00:00
167,GU4,Small Group 4,Small Group 4,186,190,1,2019-07-12 00:00:00,2999-12-31 00:00:00
168,GUC,Small Group Child,Small Group Child,0,190,1,2014-05-14 00:00:00,2999-12-31 00:00:00
169,SGU,Small Group Discount,Small Group Discount,134,137,1,2018-06-18 00:00:00,2999-12-31 00:00:00
170,NST,Smart NTrain Month Direct Debit,Smart NTrain Month Direct Debit,41,1,1,2012-09-17 00:00:00,2999-12-31 00:00:00
171,SNA,Southern Adventure,Southern Adventure,139,140,1,2012-04-20 00:00:00,2999-12-31 00:00:00
172,SCT,Strathclyde Concessionary,Strathclyde Concessionary,87,88,1,2018-06-15 00:00:00,2999-12-31 00:00:00
173,SFC,Strathclyde Ferry Card,Strathclyde Ferry Card,87,88,1,2018-06-15 00:00:00,2999-12-31 00:00:00
174,PRD,Retired Staff Travel Card,Retired Staff Travel Card,15,16,1,2021-11-12 00:00:00,2999-12-31 00:00:00
175,PRV,Staff Travel Card,Staff Travel Card,15,16,1,2021-11-12 00:00:00,2999-12-31 00:00:00
176,SSD,Styrathclyde Schools,Styrathclyde Schools,162,160,1,2012-04-20 00:00:00,2999-12-31 00:00:00
177,SUR,Suffolk Railcard,Suffolk Railcard,27,1,1,2018-01-12 00:00:00,2999-12-31 00:00:00
178,STF,Swindon Town FC Discount,Swindon Town FC Discount,177,178,1,2012-04-20 00:00:00,2999-12-31 00:00:00
179,SWD,SWR Easit Discount,SWR Easit Discount,115,1,1,2019-09-18 00:00:00,2999-12-31 00:00:00
180,SYD,SY Concession Disabled,SY Concession Disabled,179,1,1,2021-08-17 00:00:00,2999-12-31 00:00:00
181,SYS,SY Concession Senior,SY Concession Senior,182,1,1,2021-08-17 00:00:00,2999-12-31 00:00:00
182,SSP,South Yorkshire 16-18 Travel Pass,South Yorkshire 16-18 Travel Pass,27,1,1,2021-08-17 00:00:00,2999-12-31 00:00:00
183,TBC,Tamworth Concessionary Travel,Tamworth Concessionary Travel,27,1,1,2018-07-03 00:00:00,2999-12-31 00:00:00
184,TCT,TAYSIDE CONCESSION,TAYSIDE CONCESSION,69,70,1,2016-08-09 00:00:00,2017-05-20 00:00:00
185,TPE,TPE 10,TPE 10,176,1,1,2017-06-09 00:00:00,2999-12-31 00:00:00
186,TAD,Travel Agent Discount,Travel Agent Discount,39,40,1,2019-10-17 00:00:00,2999-12-31 00:00:00
187,TRB,Tribe,Tribe,0,1,1,2021-09-15 00:00:00,2999-12-31 00:00:00
188,2TR,Two Together Railcard,Two Together Railcard,42,1,0,2021-09-15 00:00:00,2999-12-31 00:00:00
189,2TS,Two Together Railcard (Annual Gold Card),Two Together Railcard (Annual Gold Card),0,1,1,2015-01-02 00:00:00,2999-12-31 00:00:00
190,UTF,Under 25 Advance,Under 25 Advance,23,1,1,2021-08-18 00:00:00,2999-12-31 00:00:00
191,RCK,Unicard Kernow,Unicard Kernow,128,0,1,2012-04-20 00:00:00,2999-12-31 00:00:00
192,VLS,Valleys Senior Railcard,Valleys Senior Railcard,27,1,1,2020-01-02 00:00:00,2999-12-31 00:00:00
193,VOR,Virgin for Omega,Virgin for Omega,0,1,1,2021-09-15 00:00:00,2999-12-31 00:00:00
194,VLC,Valleys Student Railcard,Valleys Student Railcard,114,1,1,2020-01-02 00:00:00,2999-12-31 00:00:00
195,VMR,VM 10% OFF,VM 10% OFF,4,1,1,2021-09-15 00:00:00,2999-12-31 00:00:00
196,VPD,Virgin Trains 50% Promo,Virgin Trains 50% Promo,159,1,1,2021-09-15 00:00:00,2999-12-31 00:00:00
197,MOD,Warrant,Warrant,66,67,1,2018-06-14 00:00:00,2999-12-31 00:00:00
198,D11,Web Discount Adult,Web Discount Adult,156,1,1,2021-09-10 00:00:00,2999-12-31 00:00:00
199,D55,Web Discount Child,Web Discount Child,0,157,1,2021-09-15 00:00:00,2999-12-31 00:00:00
200,WAG,Welsh Assembly Government Discount,Welsh Assembly Government Discount,27,1,1,2015-10-20 00:00:00,2999-12-31 00:00:00
201,WHC,Highland Railcard : West Scotland,West Highland Railcard,27,97,1,2015-10-20 00:00:00,2999-12-31 00:00:00
202,WGC,TfW Concessionary Bus Pass,TfW Concessionary Bus Pass,24,1,1,2015-01-02 00:00:00,2999-12-31 00:00:00
203,WYD,West Yorkshire Disabled Concessionary Discount ,West Yorks Disabled Discount,185,1,1,2021-08-17 00:00:00,2999-12-31 00:00:00
204,WYS,West Yorkshire Senior Concessionary Discount,West Yorks Senior Discount,188,1,1,2021-08-17 00:00:00,2999-12-31 00:00:00
205,WMR,West Yorkshire MetroRover Permit,West Yorkshire MetroRover Permit,27,1,1,2021-08-17 00:00:00,2999-12-31 00:00:00
206,WMS,WY Student Pass,WY Student Pass,27,1,1,2021-08-17 00:00:00,2999-12-31 00:00:00
207,WDC,Wycombe District Council Discount,Wycombe District Council Discount,24,1,1,2012-02-20 00:00:00,2999-12-31 00:00:00
208,YHA,YHA Member Discount,YHA Member Discount,165,0,1,2012-04-20 00:00:00,2999-12-31 00:00:00
209,"",PUBLIC,PUBLIC,0,1,1,2010-06-30 00:00:00,2999-12-31 00:00:00
244,DIR,DISABLED RCD AGC,DISABLED RCD AGC,0,1,1,2015-01-02 00:00:00,2999-12-31 00:00:00
258,NEX,Nexus Employee,Nexus Employee,200,201,1,2018-06-05 00:00:00,2999-12-31 00:00:00
259,TP5,TPE 15,TPE 15,202,1,1,2017-06-30 00:00:00,2999-12-31 00:00:00
290,G5O,Club 50 Web - Greater Anglia,Club 50 Web - Greater Anglia,204,1,1,2021-10-27 00:00:00,2999-12-31 00:00:00
291,G5S,Club 50 Railcard Greater Anglia,Club 50 Railcard Greater Anglia,203,1,1,2021-10-27 00:00:00,2999-12-31 00:00:00
340,C15,LNER Corporate 15,LNER Corporate 15,207,1,1,2018-06-18 00:00:00,2999-12-31 00:00:00
361,C30,LNER Corporate 30,LNER Corporate 30,208,1,1,2018-06-18 00:00:00,2999-12-31 00:00:00
362,C40,LNER Corporate 40,LNER Corporate 40,209,1,1,2018-06-18 00:00:00,2999-12-31 00:00:00
363,C45,LNER Corporate 45,LNER Corporate 45,210,1,1,2018-06-18 00:00:00,2999-12-31 00:00:00
364,G5T,Club 50 Greater Anglia - temporary card,Club 50 Greater Anglia - temporary card,0,1,1,2021-10-27 00:00:00,2999-12-31 00:00:00
365,HAP,Heathrow Airport Partners Discount,Heathrow A Partner,206,1,1,2018-05-16 00:00:00,2999-12-31 00:00:00
366,ISI,ISIC Discount (HEX),ISIC Discount (HEX),212,1,1,2018-05-16 00:00:00,2999-12-31 00:00:00
367,TST,26-30 Railcard,26-30 Railcard,43,1,1,2022-03-10 00:00:00,2999-12-31 00:00:00
371,CTE,Replacement Cotswold Line Railcard,Replacement Cotswold Line Railcard,0,1,1,2020-03-13 00:00:00,2999-12-31 00:00:00
372,DCQ,Replacement Devon & Cornwall Railcard,Replacement Devon & Cornwall Railcard,0,1,1,2020-03-13 00:00:00,2999-12-31 00:00:00
440,C25,LNER Corporate 25,LNER Corporate 25,214,1,1,2018-06-18 00:00:00,2999-12-31 00:00:00
441,C35,LNER Corporate 35,LNER Corporate 35,215,1,1,2018-06-18 00:00:00,2999-12-31 00:00:00
442,C55,LNER Corporate 55,LNER Corporate 55,217,1,1,2018-06-18 00:00:00,2999-12-31 00:00:00
443,C60,LNER Corporate 60,LNER Corporate 60,218,1,1,2018-06-18 00:00:00,2999-12-31 00:00:00
444,C65,LNER Corporate 65,LNER Corporate 65,219,1,1,2018-06-18 00:00:00,2999-12-31 00:00:00
445,C70,LNER Corporate 70,LNER Corporate 70,220,1,1,2018-06-18 00:00:00,2999-12-31 00:00:00
446,C75,LNER Corporate 75,LNER Corporate 75,221,1,1,2018-06-18 00:00:00,2999-12-31 00:00:00
447,P20,LNER Corporate 20,LNER Corporate 20,213,1,1,2018-06-18 00:00:00,2999-12-31 00:00:00
448,P50,LNER Corporate 50,LNER Corporate 50,216,1,1,2018-06-18 00:00:00,2999-12-31 00:00:00
550,GPX,CrossCountry Group,CrossCountry Group,222,223,1,2018-04-20 00:00:00,2999-12-31 00:00:00
620,W61,DISCOUNT 61,DISCOUNT 61,225,1,1,2021-09-15 00:00:00,2999-12-31 00:00:00
677,B34,UNIDAYS 34,UNIDAYS 34,226,1,1,2021-09-10 00:00:00,2999-12-31 00:00:00
678,HBD,HOMEBUILDERS 10%,HOMEBUILDERS 10%,41,1,1,2019-05-02 00:00:00,2999-12-31 00:00:00
679,TSU,16-17 Saver,16-17 Saver,50,1,1,2021-10-27 00:00:00,2999-12-31 00:00:00
680,TSW,REP 16-17,REP 16-17,0,1,1,2019-08-15 00:00:00,2999-12-31 00:00:00
708,BUW,BUSINESS 10% (WMT),BUSINESS 10% (WMT),229,1,1,2019-05-31 00:00:00,2999-12-31 00:00:00
709,BUY,TOURISTS 20% (WMT),TOURISTS 20% (WMT),230,1,1,2019-05-31 00:00:00,2999-12-31 00:00:00
712,BUO,WMT ONLINE 10% DISC,WMT ONLINE 10% DISC,231,1,1,2019-08-08 00:00:00,2999-12-31 00:00:00
742,CUR,MY CUMBRIA CARD,MY CUMBRIA CARD,227,1,1,2021-08-17 00:00:00,2999-12-31 00:00:00
809,WSH,TfW Annual Season Railcard,TfW Annual Season Railcard,233,1,1,2020-01-02 00:00:00,2999-12-31 00:00:00
826,W18,TfW 18 Saver Railcard,TfW 18 Saver Railcard,232,1,1,2020-01-02 00:00:00,2999-12-31 00:00:00
827,WSC,TfW Student Railcard,TfW Student Railcard,114,1,1,2020-01-02 00:00:00,2999-12-31 00:00:00
872,CFC,Free Child Travel,Free Child Travel,0,234,1,2020-02-19 00:00:00,2999-12-31 00:00:00
876,VET,Veterans Railcard,Veterans Railcard,5,69,1,2022-03-10 00:00:00,2022-06-30 00:00:00
882,TSX,26-30 RAILCARD AGC,26-30 RAILCARD AGC,0,1,1,2020-06-09 00:00:00,2999-12-31 00:00:00
883,VEU,REP VETERANS RAILCD,REP VETERANS RAILCD,0,1,1,2022-01-27 00:00:00,2999-12-31 00:00:00
889,C76,LNER CORP 76,LNER CORP 76,237,1,1,2020-07-25 00:00:00,2999-12-31 00:00:00
890,C81,LNER CORP 81,LNER CORP 81,238,1,1,2020-07-25 00:00:00,2999-12-31 00:00:00
891,C86,LNER CORP 86,LNER CORP 86,239,1,1,2020-07-25 00:00:00,2999-12-31 00:00:00
916,STN,STN STAFF DISCOUNT A,STN STAFF DISCOUNT A,240,1,1,2020-08-25 00:00:00,2999-12-31 00:00:00
917,STQ,STN STAFF DISCOUNT Q,STN STAFF DISCOUNT Q,240,1,1,2020-08-25 00:00:00,2999-12-31 00:00:00
931,VEW,VETERANS 3YR RAILCD,VETERANS 3YR RAILCD,0,1,1,2022-01-27 00:00:00,2999-12-31 00:00:00
934,VEX,VETERANS 3YR RC REP,VETERANS 3YR RC REP,0,1,1,2022-01-27 00:00:00,2999-12-31 00:00:00
937,15D,XEXEC,XEXEC,58,65,1,2021-09-15 00:00:00,2999-12-31 00:00:00
938,20D,DEFENCE,DEFENCE,59,38,1,2021-08-17 00:00:00,2999-12-31 00:00:00
939,20E,COC,COC,4,254,1,2021-10-15 00:00:00,2999-12-31 00:00:00
940,20F,ASTON VILLA,ASTON VILLA,59,38,1,2021-09-15 00:00:00,2999-12-31 00:00:00
941,20G,NEC,NEC,59,38,1,2021-09-15 00:00:00,2999-12-31 00:00:00
942,20H,TICKET FACTORY,TICKET FACTORY,59,38,1,2021-09-15 00:00:00,2999-12-31 00:00:00
943,20I,BLUE LIGHT,BLUE LIGHT,59,38,1,2021-09-15 00:00:00,2999-12-31 00:00:00
944,20J,NEXT JUMP,NEXT JUMP,59,38,1,2021-09-15 00:00:00,2999-12-31 00:00:00
945,W25,STUDENT BEANS,STUDENT BEANS,106,8,1,2021-09-15 00:00:00,2999-12-31 00:00:00
946,WM2,SWIFT 16-18 DISC,SWIFT 16-18 DISC,27,1,1,2021-01-12 00:00:00,2999-12-31 00:00:00
961,20K,Corporate Anytime,Corporate Anytime,7,1,1,2021-07-15 00:00:00,2999-12-31 00:00:00
985,NGA,GROUP DISCOUNT NTH,GROUP DISCOUNT NTH,248,249,1,2021-07-28 00:00:00,2999-12-31 00:00:00
992,A6A,NBA20,NBA20,59,38,1,2021-08-14 00:00:00,2999-12-31 00:00:00
993,A6B,30CRM,30CRM,133,26,1,2021-08-14 00:00:00,2999-12-31 00:00:00
994,A6C,20NUR,20NUR,59,38,1,2021-08-14 00:00:00,2999-12-31 00:00:00
995,A6D,20ABD,20ABD,59,38,1,2021-08-14 00:00:00,2999-12-31 00:00:00
996,A6E,25CRM,25CRM,106,8,1,2021-08-14 00:00:00,2999-12-31 00:00:00
997,A6F,50CRM,50CRM,47,35,1,2021-08-14 00:00:00,2999-12-31 00:00:00
998,A6H,15ABD,15ABD,58,65,1,2021-08-14 00:00:00,2999-12-31 00:00:00
999,A6I,15NUR,15NUR,58,65,1,2021-08-14 00:00:00,2999-12-31 00:00:00
1000,A6J,15NDB,15NDB,58,65,1,2021-08-14 00:00:00,2999-12-31 00:00:00
1001,A6K,20CRM,20CRM,59,38,1,2021-08-14 00:00:00,2999-12-31 00:00:00
1007,A6G,75CRM,75CRM,53,250,1,2021-09-22 00:00:00,2999-12-31 00:00:00
1009,00D,AVANTI PARTNER,AVANTI PARTNER,251,1,1,2022-02-11 00:00:00,2999-12-31 00:00:00
1016,HUF,Half Price Promotion,Half Price Promotion,252,253,1,2022-01-01 00:00:00,2999-12-31 00:00:00
1017,VSH,VS Holiday Scheme,VS Holiday Scheme,257,258,1,2021-10-30 00:00:00,2999-12-31 00:00:00
1018,WTT,Winter Tours,Winter Tours,255,256,1,2021-10-27 00:00:00,2999-12-31 00:00:00
1034,A6L,10ECOM,10ECOM,4,254,1,2021-11-20 00:00:00,2999-12-31 00:00:00
1035,A6M,20ECOM,20ECOM,59,38,1,2021-11-20 00:00:00,2999-12-31 00:00:00
1055,Q10,GC CORP 10,GC CORP 10,266,1,1,2022-02-12 00:00:00,2999-12-31 00:00:00
1056,Q20,GC CORP 20,GC CORP 20,265,1,1,2022-02-12 00:00:00,2999-12-31 00:00:00
1059,JJB,TPE GROUP TRAVEL,TPE GROUP TRAVEL,267,268,1,2022-03-04 00:00:00,2999-12-31 00:00:00
1065,BB5,AVANTI DISCOUNT,AVANTI DISCOUNT,269,1,1,2022-03-08 00:00:00,2999-12-31 00:00:00
1089,ALA,Avanti Loyalty A,Avanti Loyalty A,4,254,1,2022-04-05 00:00:00,2999-12-31 00:00:00
