1,AR,ANGLIA RAILWAYS TRAIN SERVICES,AR.png,ANGLIA RAILWAYS TRAIN SERVICES,0
2,QV,ARRIVA BUS,QV.png,ARRIVA BUS,1
3,AW,TRANSPORT FOR WALES RAIL,AW.png,TRANSPORT FOR WALES RAIL,1
4,CC,C2C,CC.png,C2C,1
5,QC,CALEDONIAN MACBRAYNE,"",CALEDONIAN MACBRAYNE,1
6,CT,CENTRAL TRAINS LTD.,"",CENTRAL TRAINS LTD.,0
7,CH,CHILTERN RAILWAYS,CH.png,CHILTERN RAILWAYS,1
8,QA,CIE,"",CIE,1
9,QO,CONDOR FERRIES,"",CONDOR FERRIES,1
10,XC,CROSSCOUNTRY,XC.png,CROSSCOUNTRY,1
11,EM,EAST MIDLANDS RAILWAY,EM.png,EAST MIDLANDS RAILWAY,1
12,EP,EUROPEAN PASSENGER SERVICES,"",EUROPEAN PASSENGER SERVICES,1
13,QF,FFESTINIOG RAILWAY,"",FFESTINIOG RAILWAY,0
14,FC,FIRST CAPITAL CONNECT,FC.png,FIRST CAPITAL CONNECT,0
15,GW,GWR,GW.png,GWR,1
16,TT,THAMES TRAINS LTD.,TT.png,THAMES TRAINS LTD.,0
17,QU,FIRST GROUP BUS,"",FIRST GROUP BUS,1
18,SR,SCOTRAIL,SR.png,SCOTRAIL,1
19,GX,SOUTHERN GATWICK EXPRESS,GX.png,SOUTHERN GATWICK EXPRESS,1
20,GC,GRAND CENTRAL RAILWAY,GC.png,GRAND CENTRAL RAILWAY,1
21,HC,HEATHROW CONNECT,HC.png,HEATHROW CONNECT,0
22,HX,HEATHROW EXPRESS,HX.png,HEATHROW EXPRESS,1
23,QH,HOVERTRAVEL,"",HOVERTRAVEL,1
24,HT,HULL TRAINS,HT.png,HULL TRAINS,1
25,QI,IRISH FERRIES,"",IRISH FERRIES,1
26,IL,ISLAND LINE LIMITED,IL.png,ISLAND LINE LIMITED,1
27,LM,WEST MIDLANDS TRAINS,LM.png,WEST MIDLANDS TRAINS,1
28,LO,LONDON OVERGROUND,LO.png,LONDON OVERGROUND,1
29,LT,LONDON UNDERGROUND,LT.png,LONDON UNDERGROUND,1
30,QL,LUL,QL.png,LUL,0
31,ME,MERSEYRAIL,ME.png,MERSEYRAIL,1
32,ML,MIDLAND MAIN LINE LTD.,"",MIDLAND MAIN LINE LTD.,0
33,LE,GREATER ANGLIA,LE.png,GREATER ANGLIA,1
34,GR,LONDON NORTH EASTERN RAILWAY,GR.png,LONDON NORTH EASTERN RAILWAY,1
35,QB,NIR,"",NIR,1
36,NT,NORTHERN,NT.png,NORTHERN,1
37,QZ,NORTHLINK,"",NORTHLINK,1
38,QN,NS,"",NS,0
39,ZZ,OTHER OPERATOR,"",OTHER OPERATOR,1
40,PM,PRE METRO OPERATIONS LTD,"",PRE METRO OPERATIONS LTD,0
41,QR,RED FUNNEL,"",RED FUNNEL,1
42,SS,SILVERLINK TRAIN SERVICES,"",SILVERLINK TRAIN SERVICES,0
43,SW,SOUTH WESTERN RAILWAY,SW.png,SOUTH WESTERN RAILWAY,1
44,SE,LONDON SOUTH EASTERN RAILWY,SE.png,LONDON SOUTH EASTERN RAILWY,1
45,SN,SOUTHERN,SN.png,SOUTHERN,1
46,QT,STAGECOACH BUS,"",STAGECOACH BUS,1
47,QY,STRATHCLYDE PTE,"",STRATHCLYDE PTE,0
48,QW,SWANSEA CORK FERRIES,"",SWANSEA CORK FERRIES,0
49,TL,THAMESLINK AND GT NORTHERN TL,"",THAMESLINK AND GT NORTHERN TL,1
50,TP,TRANSPENNINE EXPRESS,TP.png,TRANSPENNINE EXPRESS,1
51,VT,AVANTI WEST COAST,"",AVANTI WEST COAST,1
52,WN,WEST ANGLIA GREAT NORTHERN,"",WEST ANGLIA GREAT NORTHERN,0
53,WS,WREXHAM SHROPSHIRE MARYLEBONE,WS.png,WREXHAM SHROPSHIRE MARYLEBONE,0
54,TW,TYNE & WEAR METRO,,TYNE & WEAR METRO,1
55,QS,STENA LINE,"",STENA LINE,1
59,QD,ARGYLL FERRIES,"",ARGYLL FERRIES,1
60,GN,THAMESLINK AND GT NORTHERN GN,"",THAMESLINK AND GT NORTHERN GN,1
61,XR,TFL RAIL,"",TFL RAIL,1
62,CS,SERCO CALEDONIAN SLEEPER,"",SERCO CALEDONIAN SLEEPER,1
63,ES,EUROSTAR UK LTD.,"",EUROSTAR UK LTD.,1
64,SG,SWANAGE RAILWAYS,"",SWANAGE RAILWAYS,1
65,AM,ARRIVA MERSEYRAIL,,ARRIVA MERSEYRAIL,0
66,AN,ARRIVA NORTHERNSPIRIT,,ARRIVA NORTHERNSPIRIT,0
67,CX,CONNEX RAIL,,CONNEX RAIL,0
68,DC,DEVON AND CORNWALL RAILWAY,,DEVON AND CORNWALL RAILWAY,0
69,GE,GREAT EASTERN RAILWAY LTD.,,GREAT EASTERN RAILWAY LTD.,0
70,GL,FIRST GREAT WESTERN LINK,,FIRST GREAT WESTERN LINK,0
71,LS,LTS RAIL LTD.,,LTS RAIL LTD.,0
72,NS,NORTHERNSPIRIT LTD.,,NORTHERNSPIRIT LTD.,0
73,NW,NORTH WEST REGIONAL RAILWAYS,,NORTH WEST REGIONAL RAILWAYS,0
74,QK,WIGHTLINK,,WIGHTLINK,1
75,QM,IoMSPCo,,IoMSPCo,0
76,QX,NEXUS METRO,,NEXUS METRO,0
77,RE,REGIONAL RAILWAYS NORTH EAST,,REGIONAL RAILWAYS NORTH EAST,0
78,SC,CONNEX SOUTHCENTRAL LTD.,,CONNEX SOUTHCENTRAL LTD.,0
79,VL,CARDIFF RAILWAY CO. LTD.,,CARDIFF RAILWAY CO. LTD.,0
80,WB,WALES & BORDERS,,WALES & BORDERS,0
81,WE,WESSEX,,WESSEX,0
82,WR,WEST COAST RAILWAY CO,,WEST COAST RAILWAY CO,0
83,WW,SOUTH WALES & WEST RAILWAY LTD,,SOUTH WALES & WEST RAILWAY LTD,0
87,LD,LUMO,,LUMO,1
